SMILES,rate of thermal isomerisation from Z-E in s-1,Solvent used for thermal isomerisation rates,Z PhotoStationaryState,E PhotoStationaryState,E isomer pi-pi* wavelength in nm,Extinction,E isomer n-pi* wavelength in nm,Extinction coefficient in M-1 cm-1,Z isomer pi-pi* wavelength in nm,Extinction.1,Z isomer n-pi* wavelength in nm,Extinction coefficient in M-1 cm-1.1,Wiberg index,E-Z irradiation wavelength in nm,Z-E irradiation wavelength,Irradiation solvent,PBE0 DFT E isomer pi-pi* wavelength in nm,PBE0 DFT E isomer n-pi* wavelength in nm,PBE0 DFT Z isomer pi-pi* wavelength in nm,PBE0 DFT Z isomer n-pi* wavelength in nm,TPSSh/6-31G** DFT E isomer pi-pi* wavelength in nm,TPSSh/6-31G** DFT E isomer n-pi* wavelength in nm,TPSSh/6-31G** DFT Z isomer pi-pi* wavelength in nm,TPSSh/6-31G** DFT Z isomer n-pi* wavelength in nm,CAM-B3LYP/6-31G** DFT E isomer pi-pi* wavelength in nm,CAM-B3LYP/6-31G** DFT E isomer n-pi* wavelength in nm,CAM-B3LYP/6-31G** DFT Z isomer pi-pi* wavelength in nm,CAM-B3LYP/6-31G** DFT Z isomer n-pi* wavelength in nm
C[N]1N=NC(=N1)N=NC2=CC=CC=C2,2.1e-07,MeCN,76.0,72.0,310.0,1.67,442.0,0.0373,290.0,0.243,428.0,0.101,1.896,355,532,MeCN,305.0,480.0,286.0,448.0,0.0,0.0,0.0,0.0,0.0,0.0,0.0,0.0
C[N]1C=NC(=N1)N=NC2=CC=CC=C2,3.8e-07,MeCN,90.0,84.0,310.0,1.87,438.0,0.0505,272.0,0.489,434.0,0.127,1.899,355,532,MeCN,306.0,473.0,284.0,448.0,0.0,0.0,0.0,0.0,0.0,0.0,0.0,0.0
C[N]1C=CC(=N1)N=NC2=CC=CC=C2,1.1e-07,MeCN,98.0,97.0,320.0,1.46,425.0,0.0778,272.0,0.908,422.0,0.108,1.877,355,532,MeCN,311.0,454.0,285.0,445.0,0.0,0.0,0.0,0.0,0.0,0.0,0.0,0.0
C[N]1C=C(C)C(=N1)N=NC2=CC=CC=C2,1.5e-06,MeCN,96.0,87.0,325.0,1.74,428.0,0.0612,286.0,0.515,438.0,0.136,1.874,355,532,MeCN,317.0,458.0,302.0,461.0,0.0,0.0,0.0,0.0,0.0,0.0,0.0,0.0
C[N]1C=C(C=N1)N=NC2=CC=CC=C2,7.6e-09,MeCN,98.0,70.0,328.0,1.66,417.0,0.064,275.0,0.8059999999999999,403.0,0.0666,1.849,355,532,MeCN,318.0,447.0,278.0,409.0,328.0,455.0,295.0,410.0,305.0,427.0,256.0,401.0
C[N]1N=C(C)C(=C1C)N=NC2=CC=CC=C2,7.7e-07,MeCN,98.0,98.0,335.0,2.27,425.0,0.0963,296.0,0.5770000000000001,441.0,0.23,1.837,355,532,MeCN,327.0,443.0,297.0,460.0,337.0,453.0,311.0,462.0,314.0,422.0,279.0,449.0
C[N]1N=CC=C1N=NC2=CC=CC=C2,7.4e-07,MeCN,98.0,79.0,341.0,1.62,425.0,0.0676,289.0,0.6940000000000001,430.0,0.0873,1.841,355,532,MeCN,333.0,457.0,299.0,439.0,0.0,0.0,0.0,0.0,0.0,0.0,0.0,0.0
C[N]1N=CC(=C1N=NC2=CC=CC=C2)C,1.6e-05,MeCN,94.0,86.0,340.0,1.82,435.0,0.0854,296.0,0.5529999999999999,451.0,0.221,1.825,355,532,MeCN,338.0,452.0,320.0,473.0,0.0,0.0,0.0,0.0,0.0,0.0,0.0,0.0
CC(N(C)C(C)=C1)=C1/N=N/C2=CC=CC=C2,2.2e-06,MeCN,77.0,85.0,363.0,1.93,410.0,0.0,311.0,0.875,405.0,0.142,1.828,355,532,MeCN,359.0,437.0,285.0,401.0,0.0,0.0,0.0,0.0,0.0,0.0,0.0,0.0
CC(N(C)C(C)=C1C)=C1/N=N/C2=CC=CC=C2,0.0007599999999999999,MeCN,85.0,98.0,345.0,1.66,410.0,0.0,300.0,0.52,462.0,0.332,1.822,355,532,MeCN,344.0,441.0,340.0,468.0,0.0,0.0,0.0,0.0,0.0,0.0,0.0,0.0
CN1C(/N=N/C2=CC=CC=C2)=C(C)C=C1C,0.033,MeCN,85.0,98.0,394.0,2.82,430.0,0.0,346.0,0.7040000000000001,479.0,0.608,1.754,415,532,MeCN,360.0,437.0,340.0,485.0,367.0,449.0,338.0,486.0,351.0,423.0,312.0,473.0
CN1C(/N=N/C2=CC=CC=C2)=CC=C1,6.500000000000001e-05,MeCN,84.0,82.0,385.0,2.21,412.0,0.0,333.0,1.62,423.0,0.157,1.791,415,532,MeCN,351.0,440.0,325.0,422.0,359.0,449.0,338.0,425.0,340.0,421.0,306.0,410.0
CN1C(/N=N/C2=CC=CC=C2)=NC=C1,2.2e-05,MeCN,98.0,0.0,363.0,1.7,417.0,0.126,0.0,0.0,0.0,0.0,1.835,363,532,MeCN,342.0,455.0,337.0,489.0,0.0,0.0,0.0,0.0,0.0,0.0,0.0,0.0
CN(C=N1)C=C1/N=N/C2=CC=CC=C2,3.3e-06,MeCN,95.0,0.0,336.0,1.48,450.0,0.0,0.0,0.0,0.0,0.0,1.853,365,532,MeCN,329.0,460.0,282.0,432.0,0.0,0.0,0.0,0.0,0.0,0.0,0.0,0.0
CN1C(/N=N/C2=CC=CC=C2)=CN=C1,1.2e-06,MeCN,98.0,45.0,362.0,2.58,0.0,0.0,0.0,0.0,0.0,0.0,1.81,365,455,MeCN,343.0,438.0,301.0,426.0,0.0,0.0,0.0,0.0,0.0,0.0,0.0,0.0
NC(C=C1)=CC=C1N=NC2=NNC=C2,0.0,0,0.0,0.0,391.0,0.0,0.0,0.0,0.0,0.0,452.0,0.0,0.0,0,0,0,0.0,0.0,0.0,0.0,0.0,0.0,0.0,0.0,0.0,0.0,0.0,0.0
COC(C=C1)=CC=C1N=NC2=NNC=C2,0.0,0,0.0,0.0,344.0,0.0,0.0,0.0,0.0,0.0,430.0,0.0,0.0,0,0,0,0.0,0.0,0.0,0.0,0.0,0.0,0.0,0.0,0.0,0.0,0.0,0.0
CC(C=C1)=CC=C1N=NC2=NNC=C2,0.0,0,0.0,0.0,332.0,0.0,0.0,0.0,0.0,0.0,430.0,0.0,0.0,0,0,0,0.0,0.0,0.0,0.0,0.0,0.0,0.0,0.0,0.0,0.0,0.0,0.0
C1(/N=N/C2=CC=NN2)=CC=NN1,0.0,0,0.0,0.0,320.0,0.0,0.0,0.0,0.0,0.0,430.0,0.0,0.0,0,0,0,0.0,0.0,0.0,0.0,0.0,0.0,0.0,0.0,0.0,0.0,0.0,0.0
[H]C(C=C1)=CC=C1N=NC2=NNC=C2,0.0,0,0.0,0.0,324.0,0.0,0.0,0.0,0.0,0.0,423.0,0.0,0.0,0,0,0,0.0,0.0,0.0,0.0,0.0,0.0,0.0,0.0,0.0,0.0,0.0,0.0
BrC(C=C1)=CC=C1N=NC2=NNC=C2,0.0,0,0.0,0.0,331.0,0.0,0.0,0.0,0.0,0.0,421.0,0.0,0.0,0,0,0,0.0,0.0,0.0,0.0,0.0,0.0,0.0,0.0,0.0,0.0,0.0,0.0
FC1=CC=CC=C1N=NC2=NNC=C2,0.0,0,0.0,0.0,328.0,0.0,0.0,0.0,0.0,0.0,421.0,0.0,0.0,0,0,0,0.0,0.0,0.0,0.0,0.0,0.0,0.0,0.0,0.0,0.0,0.0,0.0
O=C(O)C(C=C1)=CC=C1N=NC2=NNC=C2,0.0,0,0.0,0.0,328.0,0.0,0.0,0.0,0.0,0.0,425.0,0.0,0.0,0,0,0,0.0,0.0,0.0,0.0,0.0,0.0,0.0,0.0,0.0,0.0,0.0,0.0
O=C(C1=CC=C(/N=N/C2=NNC=C2)C=C1)OCC,0.0,0,0.0,0.0,331.0,0.0,0.0,0.0,0.0,0.0,422.0,0.0,0.0,0,0,0,0.0,0.0,0.0,0.0,0.0,0.0,0.0,0.0,0.0,0.0,0.0,0.0
CC(C(C=C1)=CC=C1N=NC2=NNC=C2)=O,0.0,0,0.0,0.0,322.0,0.0,0.0,0.0,0.0,0.0,415.0,0.0,0.0,0,0,0,0.0,0.0,0.0,0.0,0.0,0.0,0.0,0.0,0.0,0.0,0.0,0.0
[O-][N+](C(C=C1)=CC=C1N=NC2=NNC=C2)=O,0.0,0,0.0,0.0,340.0,0.0,0.0,0.0,0.0,0.0,418.0,0.0,0.0,0,0,0,0.0,0.0,0.0,0.0,0.0,0.0,0.0,0.0,0.0,0.0,0.0,0.0
CN(N=C1)C=C1/N=N/C2=C(F)C=CC=C2F,4.8e-10,DMSO/MeCN,92.0,42.0,316.0,0.0,413.0,0.0,282.0,0.0,400.0,0.0,0.0,UVA,420,MeCN,0.0,0.0,0.0,0.0,0.0,0.0,0.0,0.0,258.0,421.0,312.0,467.0
CN(N=C1C)C(C)=C1/N=N/C2=C(F)C=CC=C2F,7.84e-08,MeCN,93.0,77.0,328.0,0.0,425.0,0.0,297.0,0.0,422.0,0.0,0.0,UVA,420,MeCN,0.0,0.0,0.0,0.0,0.0,0.0,0.0,0.0,292.0,437.0,317.0,458.0
CN(N=C1C)C(C)=C1/N=N/C2=C(Cl)C=CC=C2Cl,6.95e-06,MeCN,80.0,85.0,328.0,0.0,424.0,0.0,299.0,0.0,425.0,0.0,0.0,UVA,420,MeCN,0.0,0.0,0.0,0.0,0.0,0.0,0.0,0.0,294.0,435.0,304.0,441.0
CN(N=C1C)C(C)=C1/N=N/C2=C(OC)C=CC=C2OC,7.22e-08,MeCN,81.0,73.0,307.0,0.0,432.0,0.0,293.0,0.0,426.0,0.0,0.0,UVA,420,MeCN,0.0,0.0,0.0,0.0,0.0,0.0,0.0,0.0,287.0,442.0,325.0,466.0
FC1=CC=CC=C1/N=N/C2=C(F)C=CC=C2,1.75037e-05,MeCN at 60C,66.0,82.0,325.0,20000.0,448.0,700.0,275.0,0.0,420.0,1200.0,0.0,>500,410,MeCN,0.0,0.0,0.0,0.0,0.0,0.0,0.0,0.0,346.0,500.0,322.0,466.0
FC1=CC=CC(F)=C1/N=N/C2=CC=CC=C2,7.70164e-06,MeCN at 60C,74.0,82.0,309.0,20000.0,451.0,700.0,275.0,0.0,419.0,1000.0,0.0,>500,410,MeCN,0.0,0.0,0.0,0.0,0.0,0.0,0.0,0.0,341.0,498.0,315.0,463.0
FC1=CC=CC(F)=C1/N=N/C2=C(F)C=CC=C2F,2.0928360000000003e-06,MeCN at 60C,86.0,91.0,305.0,18000.0,456.0,1000.0,280.0,0.0,414.0,1600.0,0.0,>500,410,MeCN,0.0,0.0,0.0,0.0,0.0,0.0,0.0,0.0,339.0,525.0,326.0,452.0
FC1=CC(F)=CC(F)=C1/N=N/C(C(F)=C2)=C(F)C=C2F,9.6e-06,MeCN at 60C,94.0,91.0,309.0,20000.0,450.0,900.0,280.0,0.0,414.0,1500.0,0.0,>500,410,MeCN,0.0,0.0,0.0,0.0,0.0,0.0,0.0,0.0,342.0,510.0,310.0,453.0
FC1=C(F)C=C(F)C(F)=C1/N=N/C2=C(F)C(F)=CC(F)=C2F,7.131139999999999e-06,MeCN at 60C,92.0,92.0,303.0,16000.0,456.0,700.0,280.0,0.0,413.0,1200.0,0.0,>500,410,MeCN,0.0,0.0,0.0,0.0,0.0,0.0,0.0,0.0,338.0,531.0,363.0,439.0
FC1=C(F)C(F)=C(F)C(F)=C1/N=N/C2=C(F)C(F)=C(F)C(F)=C2F,4.1e-05,MeCN at 60C,91.0,90.0,310.0,20000.0,453.0,900.0,0.0,0.0,413.0,1600.0,0.0,>500,410,MeCN,0.0,0.0,0.0,0.0,0.0,0.0,0.0,0.0,0.0,0.0,0.0,0.0
FC1=CC=CC(F)=C1/N=N/C2=CC=C(C(OCC)=O)C=C2,9.16861e-06,MeCN at 60C,75.0,88.0,316.0,22000.0,453.0,700.0,255.0,0.0,417.0,1000.0,0.0,>500,410,MeCN,0.0,0.0,0.0,0.0,0.0,0.0,0.0,0.0,354.0,523.0,326.0,471.0
FC1=CC(C(OCC)=O)=CC(F)=C1/N=N/C2=C(F)C=C(C(OCC)=O)C=C2F,1.283606e-05,MeCN at 60C,90.0,97.0,314.0,19000.0,469.0,1000.0,0.0,0.0,419.0,1700.0,0.0,>500,410,MeCN,0.0,0.0,0.0,0.0,0.0,0.0,0.0,0.0,0.0,0.0,0.0,0.0
FC1=CC(C(OCC)=O)=CC(F)=C1/N=N/C2=C(F)C=CC=C2F,6.41803e-06,MeCN at 60C,95.0,95.0,310.0,19000.0,460.0,1000.0,255.0,0.0,416.0,1700.0,0.0,>500,410,MeCN,0.0,0.0,0.0,0.0,0.0,0.0,0.0,0.0,353.0,542.0,336.0,460.0
FC1=CC(C(OCC)=O)=CC(F)=C1/N=N/C2=CC=C(C(OCC)=O)C=C2,2.4067600000000007e-05,MeCN at 60C,61.0,95.0,320.0,25000.0,460.0,1000.0,255.0,0.0,419.0,1400.0,0.0,>500,410,MeCN,0.0,0.0,0.0,0.0,0.0,0.0,0.0,0.0,363.0,535.0,325.0,475.0
FC1=CC(C(OCC)=O)=CC(F)=C1/N=N/C2=CC=CC=C2,2.7505840000000006e-05,MeCN at 60C,79.0,89.0,316.0,21000.0,456.0,900.0,255.0,0.0,419.0,1300.0,0.0,>500,410,MeCN,0.0,0.0,0.0,0.0,0.0,0.0,0.0,0.0,350.0,508.0,320.0,468.0
C12=CC=CC=C1CCC3=CC=CC=C3/N=N\2,1.258437e-05,MeCN,100.0,87.0,0.0,0.0,486.0,0.0,0.0,0.0,402.0,0.0,0.0,520,385,hexane,0.0,0.0,0.0,0.0,0.0,0.0,0.0,0.0,0.0,0.0,0.0,0.0
NC1=CC(/N=N\2)=C(CCC3=C2C=C(N)C=C3)C=C1,7.76375e-06,MeCN,100.0,30.0,0.0,0.0,487.0,0.0,0.0,0.0,401.0,0.0,0.0,0,0,MeCN,0.0,0.0,0.0,0.0,0.0,0.0,0.0,0.0,0.0,0.0,0.0,0.0
NC1=CC(CCC2=C3C=CC(N)=C2)=C(/N=N\3)C=C1,9.62704e-06,MeCN,100.0,25.0,0.0,0.0,475.0,0.0,0.0,0.0,400.0,0.0,0.0,0,0,MeCN,0.0,0.0,0.0,0.0,0.0,0.0,0.0,0.0,0.0,0.0,0.0,0.0
OCC(C=C1)=CC2=C1CCC3=C(/N=N\2)C=C(CO)C=C3,1.6889549999999998e-05,MeCN,100.0,83.0,0.0,0.0,485.0,0.0,0.0,0.0,404.0,0.0,0.0,0,0,MeCN,0.0,0.0,0.0,0.0,0.0,0.0,0.0,0.0,0.0,0.0,0.0,0.0
OCCC1=CC(/N=N\2)=C(CCC3=C2C=C(CCO)C=C3)C=C1,1.15294e-05,MeCN,100.0,81.0,0.0,0.0,487.0,0.0,0.0,0.0,405.0,0.0,0.0,0,0,MeCN,0.0,0.0,0.0,0.0,0.0,0.0,0.0,0.0,0.0,0.0,0.0,0.0
[N-]=[N+]=NCC(C=C1)=CC2=C1CCC3=C(/N=N\2)C=C(CN=[N+]=[N-])C=C3,1.719115e-05,MeCN,100.0,85.0,0.0,0.0,484.0,0.0,0.0,0.0,402.0,0.0,0.0,0,0,MeCN,0.0,0.0,0.0,0.0,0.0,0.0,0.0,0.0,0.0,0.0,0.0,0.0
[N-]=[N+]=NCCC1=CC(/N=N\2)=C(CCC3=C2C=C(CCN=[N+]=[N-])C=C3)C=C1,1.375292e-05,MeCN,100.0,82.0,0.0,0.0,489.0,0.0,0.0,0.0,405.0,0.0,0.0,0,0,MeCN,0.0,0.0,0.0,0.0,0.0,0.0,0.0,0.0,0.0,0.0,0.0,0.0
NCC1=CC(/N=N\2)=C(CCC3=C2C=C(CN)C=C3)C=C1,1.309802e-05,MeCN,100.0,81.0,0.0,0.0,488.0,0.0,0.0,0.0,405.0,0.0,0.0,0,0,MeCN,0.0,0.0,0.0,0.0,0.0,0.0,0.0,0.0,0.0,0.0,0.0,0.0
NCCC1=CC(/N=N\2)=C(CCC3=C2C=C(CCN)C=C3)C=C1,1.906345e-05,MeCN,100.0,78.0,0.0,0.0,485.0,0.0,0.0,0.0,400.0,0.0,0.0,0,0,MeCN,0.0,0.0,0.0,0.0,0.0,0.0,0.0,0.0,0.0,0.0,0.0,0.0
C=CC1=CC(/N=N\2)=C(CCC3=C2C=C(C=C)C=C3)C=C1,1.469778e-05,MeCN,100.0,74.0,0.0,0.0,484.0,0.0,0.0,0.0,403.0,0.0,0.0,0,0,MeCN,0.0,0.0,0.0,0.0,0.0,0.0,0.0,0.0,0.0,0.0,0.0,0.0
CC(C)(C)OCC1=CC(/N=N\2)=C(CCC3=C2C=C(COC(C)(C)C)C=C3)C=C1,1.887656e-05,MeCN,100.0,82.0,0.0,0.0,487.0,0.0,0.0,0.0,403.0,0.0,0.0,0,0,MeCN,0.0,0.0,0.0,0.0,0.0,0.0,0.0,0.0,0.0,0.0,0.0,0.0
CC(OCCC1=CC=C2CCC3=CC=C(CCOC(C)(C)C)C=C3/N=N\C2=C1)(C)C,1.21095e-05,MeCN,100.0,81.0,0.0,0.0,488.0,0.0,0.0,0.0,405.0,0.0,0.0,0,0,MeCN,0.0,0.0,0.0,0.0,0.0,0.0,0.0,0.0,0.0,0.0,0.0,0.0
CC(NC(C=C1)=CC(OC)=C1/N=N/C2=C(OC)C=C(NC(C)=O)C=C2)=O,0.0001013373,DMSO,0.0,0.0,338.0,16170.0,480.0,4030.0,0.0,0.0,0.0,0.0,0.0,530-560,450-460,DMSO,0.0,0.0,0.0,0.0,0.0,0.0,0.0,0.0,0.0,0.0,0.0,0.0
CC(NC(C=C1OC)=CC(OC)=C1/N=N/C2=C(OC)C=C(NC(C)=O)C=C2OC)=O,5.73038e-07,DMSO,80.0,85.0,345.0,0.0,490.0,0.0,320.0,0.0,450.0,0.0,0.0,530-560,450-460,DMSO,0.0,0.0,0.0,0.0,0.0,0.0,0.0,0.0,0.0,0.0,0.0,0.0
COC(C=CN=C1)=C1/N=N/C2=CC=CC=C2,8.767799999999999e-09,toluene,90.0,87.0,332.0,11535.0,443.0,609.0,0.0,0.0,430.0,0.0,0.0,365,440,toluene,0.0,0.0,0.0,0.0,0.0,0.0,0.0,0.0,0.0,0.0,0.0,0.0
C1(/N=N/C2=CC=CC=C2)=CC=CN=C1,8.44478e-07,toluene,63.0,80.0,322.0,37246.0,448.0,923.0,0.0,0.0,440.0,0.0,0.0,365,440,toluene,0.0,0.0,0.0,0.0,0.0,0.0,0.0,0.0,0.0,0.0,0.0,0.0
CC1=C(/N=N/C2=CC=CC=C2)C=NC=C1,1.92541e-06,toluene,72.0,83.0,322.0,14151.0,455.0,328.0,0.0,0.0,436.0,0.0,0.0,365,440,toluene,0.0,0.0,0.0,0.0,0.0,0.0,0.0,0.0,0.0,0.0,0.0,0.0
CC(C)C1=C(/N=N/C2=CC=CC=C2)C=NC=C1,6.09307e-07,toluene,75.0,75.0,323.0,14964.0,453.0,530.0,300.0,0.0,442.0,0.0,0.0,365,440,toluene,0.0,0.0,0.0,0.0,0.0,0.0,0.0,0.0,0.0,0.0,0.0,0.0
IC1=C(/N=N/C2=CC=CC=C2)C=NC=C1,1.6742700000000004e-06,toluene,81.0,81.0,330.0,14540.0,0.0,0.0,0.0,0.0,432.0,0.0,0.0,365,440,toluene,0.0,0.0,0.0,0.0,0.0,0.0,0.0,0.0,0.0,0.0,0.0,0.0
CN(C)C1=C(/N=N/C2=CC=CC=C2)C=NC=C1,6.211e-06,toluene,63.0,63.0,313.0,7580.0,404.0,5310.0,0.0,0.0,400.0,0.0,0.0,365,440,toluene,0.0,0.0,0.0,0.0,0.0,0.0,0.0,0.0,0.0,0.0,0.0,0.0
O=C(N(CCC)C=C1/N=N/C2=CC=C(C(C)(C)C)C=C2)NC1=O,9.8739e-07,toluene,100.0,100.0,375.0,0.0,450.0,0.0,0.0,0.0,450.0,0.0,0.0,600,430,toluene,0.0,0.0,0.0,0.0,0.0,0.0,0.0,0.0,0.0,0.0,0.0,0.0
O=C(COC1=C(/N=N\C2=C(OC3)C=CC=C2)C=CC=C1)O[C@H]4[C@H](OCC5=CC=CC=C5)[C@@H](OCC6=CC=CC=C6)[C@H](SC7=CC=CC=C7)O[C@@H]4COC3=O,1.573046e-07,MeCN,95.0,53.0,310.0,0.0,460.0,0.0,0.0,0.0,0.0,0.0,0.0,365,435,MeCN,0.0,0.0,0.0,0.0,0.0,0.0,0.0,0.0,0.0,0.0,0.0,0.0
CC1=C(C(C)=NN1)/N=N/C2=C(F)C=CC=C2,4.55e-05,0,90.0,75.0,334.0,0.0,418.0,0.0,287.0,0.0,442.0,0.0,0.0,365,CFL white light,MeCN,0.0,0.0,0.0,0.0,0.0,0.0,0.0,0.0,0.0,0.0,0.0,0.0
CC1=C(C(C)=NN1)/N=N/C2=CC(F)=CC=C2,0.00185,0,87.0,74.0,334.0,0.0,417.0,0.0,292.0,0.0,437.0,0.0,0.0,365,CFL white light,MeCN,0.0,0.0,0.0,0.0,0.0,0.0,0.0,0.0,0.0,0.0,0.0,0.0
CC1=C(C(C)=NN1)/N=N/C2=CC=C(F)C=C2,0.00162,0,85.0,96.0,330.0,0.0,426.0,0.0,293.0,0.0,436.0,0.0,0.0,365,CFL white light,MeCN,0.0,0.0,0.0,0.0,0.0,0.0,0.0,0.0,0.0,0.0,0.0,0.0
CC1=C(C(C)=NN1)/N=N/C2=C(Cl)C=CC=C2,0.00403,0,84.0,86.0,339.0,0.0,426.0,0.0,292.0,0.0,432.0,0.0,0.0,365,CFL white light,MeCN,0.0,0.0,0.0,0.0,0.0,0.0,0.0,0.0,0.0,0.0,0.0,0.0
CC1=C(C(C)=NN1)/N=N/C2=CC(Cl)=CC=C2,0.0114,0,80.0,77.0,336.0,0.0,418.0,0.0,290.0,0.0,418.0,0.0,0.0,365,CFL white light,MeCN,0.0,0.0,0.0,0.0,0.0,0.0,0.0,0.0,0.0,0.0,0.0,0.0
CC1=C(C(C)=NN1)/N=N/C2=CC=C(Cl)C=C2,0.0016699999999999998,0,90.0,94.0,336.0,0.0,430.0,0.0,295.0,0.0,439.0,0.0,0.0,365,CFL white light,MeCN,0.0,0.0,0.0,0.0,0.0,0.0,0.0,0.0,0.0,0.0,0.0,0.0
CC1=C(C(C)=NN1)/N=N/C2=C(Br)C=CC=C2,0.00429,0,88.0,72.0,340.0,0.0,424.0,0.0,289.0,0.0,431.0,0.0,0.0,365,CFL white light,MeCN,0.0,0.0,0.0,0.0,0.0,0.0,0.0,0.0,0.0,0.0,0.0,0.0
CC1=C(C(C)=NN1)/N=N/C2=CC(Br)=CC=C2,0.0587,0,86.0,73.0,335.0,0.0,416.0,0.0,296.0,0.0,437.0,0.0,0.0,365,CFL white light,MeCN,0.0,0.0,0.0,0.0,0.0,0.0,0.0,0.0,0.0,0.0,0.0,0.0
CC1=C(C(C)=NN1)/N=N/C2=CC=C(Br)C=C2,0.00179,0,92.0,72.0,337.0,0.0,416.0,0.0,293.0,0.0,440.0,0.0,0.0,365,CFL white light,MeCN,0.0,0.0,0.0,0.0,0.0,0.0,0.0,0.0,0.0,0.0,0.0,0.0
CC1=C(C(C)=NN1)/N=N/C2=CC(O)=CC=C2,0.00288,0,86.0,69.0,330.0,0.0,412.0,0.0,292.0,0.0,437.0,0.0,0.0,365,CFL white light,MeCN,0.0,0.0,0.0,0.0,0.0,0.0,0.0,0.0,0.0,0.0,0.0,0.0
CC1=C(C(C)=NN1)/N=N/C2=C(C(F)(F)F)C=CC=C2,0.328,0,41.0,87.0,335.0,0.0,428.0,0.0,327.0,0.0,437.0,0.0,0.0,365,CFL white light,MeCN,0.0,0.0,0.0,0.0,0.0,0.0,0.0,0.0,0.0,0.0,0.0,0.0
CC1=C(C(C)=NN1)/N=N/C2=CC(C(F)(F)F)=CC=C2,0.00265,0,83.0,86.0,332.0,0.0,419.0,0.0,294.0,0.0,436.0,0.0,0.0,365,CFL white light,MeCN,0.0,0.0,0.0,0.0,0.0,0.0,0.0,0.0,0.0,0.0,0.0,0.0
CC1=C(C(C)=NN1)/N=N/C2=CC=C(C(F)(F)F)C=C2,0.0296,0,79.0,80.0,334.0,0.0,392.0,0.0,297.0,0.0,436.0,0.0,0.0,365,CFL white light,MeCN,0.0,0.0,0.0,0.0,0.0,0.0,0.0,0.0,0.0,0.0,0.0,0.0
CC1=C(C(C)=NN1)/N=N/C2=C(OC)C=CC=C2,0.00104,0,92.0,56.0,350.0,0.0,421.0,0.0,294.0,0.0,436.0,0.0,0.0,365,CFL white light,MeCN,0.0,0.0,0.0,0.0,0.0,0.0,0.0,0.0,0.0,0.0,0.0,0.0
CC1=C(C(C)=NN1)/N=N/C2=CC(OC)=CC=C2,0.00297,0,85.0,65.0,330.0,0.0,419.0,0.0,292.0,0.0,437.0,0.0,0.0,365,CFL white light,MeCN,0.0,0.0,0.0,0.0,0.0,0.0,0.0,0.0,0.0,0.0,0.0,0.0
CC1=C(C(C)=NN1)/N=N/C2=CC=C(OC)C=C2,0.0012,0,92.0,68.0,342.0,0.0,403.0,0.0,301.0,0.0,441.0,0.0,0.0,365,CFL white light,MeCN,0.0,0.0,0.0,0.0,0.0,0.0,0.0,0.0,0.0,0.0,0.0,0.0
CC1=C(C(C)=NN1)/N=N/C2=C(C)C=CC=C2,0.00692,0,92.0,80.0,336.0,0.0,423.0,0.0,292.0,0.0,435.0,0.0,0.0,365,CFL white light,MeCN,0.0,0.0,0.0,0.0,0.0,0.0,0.0,0.0,0.0,0.0,0.0,0.0
CC1=C(C(C)=NN1)/N=N/C2=CC(C)=CC=C2,0.00199,0,88.0,61.0,331.0,0.0,419.0,0.0,292.0,0.0,441.0,0.0,0.0,365,CFL white light,MeCN,0.0,0.0,0.0,0.0,0.0,0.0,0.0,0.0,0.0,0.0,0.0,0.0
CC1=C(C(C)=NN1)/N=N/C2=CC=C(C)C=C2,0.00145,0,90.0,73.0,335.0,0.0,416.0,0.0,295.0,0.0,437.0,0.0,0.0,365,CFL white light,MeCN,0.0,0.0,0.0,0.0,0.0,0.0,0.0,0.0,0.0,0.0,0.0,0.0
CC1=C(C(C)=NN1)/N=N/C2=CC(C(O)=O)=CC=C2,0.0304,0,81.0,65.0,332.0,0.0,419.0,0.0,295.0,0.0,435.0,0.0,0.0,365,CFL white light,MeCN,0.0,0.0,0.0,0.0,0.0,0.0,0.0,0.0,0.0,0.0,0.0,0.0
CC1=C(C(C)=NN1)/N=N/C2=CC=C(C(O)=O)C=C2,0.0441,0,83.0,81.0,342.0,0.0,410.0,0.0,300.0,0.0,441.0,0.0,0.0,365,CFL white light,MeCN,0.0,0.0,0.0,0.0,0.0,0.0,0.0,0.0,0.0,0.0,0.0,0.0
CC1=C(C(C)=NN1)/N=N/C2=CC(NC(C)=O)=CC=C2,0.0544,0,86.0,78.0,329.0,0.0,423.0,0.0,285.0,0.0,438.0,0.0,0.0,365,CFL white light,MeCN,0.0,0.0,0.0,0.0,0.0,0.0,0.0,0.0,0.0,0.0,0.0,0.0
CC1=C(C(C)=NN1)/N=N/C2=CC=C(NC(C)=O)C=C2,0.00144,0,91.0,68.0,350.0,0.0,410.0,0.0,303.0,0.0,445.0,0.0,0.0,365,CFL white light,MeCN,0.0,0.0,0.0,0.0,0.0,0.0,0.0,0.0,0.0,0.0,0.0,0.0
CC1=NOC(C)=C1/N=N/C2=CC=CC=C2,0.0,0,65.0,81.0,315.0,0.0,422.0,0.0,302.0,0.0,428.0,0.0,0.0,0,0,MeCN,0.0,0.0,0.0,0.0,0.0,0.0,0.0,0.0,334.0,0.0,291.0,485.0
CC1=NOC(C)=C1/N=N/C2=C(F)C=CC=C2,0.0,0,48.0,80.0,321.0,0.0,416.0,0.0,313.0,0.0,422.0,0.0,0.0,0,0,MeCN,0.0,0.0,0.0,0.0,0.0,0.0,0.0,0.0,0.0,0.0,0.0,0.0
CC1=NOC(C)=C1/N=N/C2=CC(F)=CC=C2,0.0,0,0.0,0.0,315.0,0.0,421.0,0.0,309.0,0.0,428.0,0.0,0.0,0,0,MeCN,0.0,0.0,0.0,0.0,0.0,0.0,0.0,0.0,0.0,0.0,0.0,0.0
CC1=NOC(C)=C1/N=N/C2=CC=C(F)C=C2,0.0,0,0.0,0.0,318.0,0.0,421.0,0.0,296.0,0.0,428.0,0.0,0.0,0,0,MeCN,0.0,0.0,0.0,0.0,0.0,0.0,0.0,0.0,0.0,0.0,0.0,0.0
CC1=NOC(C)=C1/N=N/C2=C(Cl)C=CC=C2,0.0,0,0.0,0.0,321.0,0.0,424.0,0.0,304.0,0.0,426.0,0.0,0.0,0,0,MeCN,0.0,0.0,0.0,0.0,0.0,0.0,0.0,0.0,0.0,0.0,0.0,0.0
CC1=NOC(C)=C1/N=N/C2=CC(Cl)=CC=C2,0.0,0,0.0,0.0,315.0,0.0,425.0,0.0,294.0,0.0,429.0,0.0,0.0,0,0,MeCN,0.0,0.0,0.0,0.0,0.0,0.0,0.0,0.0,0.0,0.0,0.0,0.0
CC1=NOC(C)=C1/N=N/C2=CC=C(Cl)C=C2,0.0,0,0.0,0.0,323.0,0.0,423.0,0.0,294.0,0.0,429.0,0.0,0.0,0,0,MeCN,0.0,0.0,0.0,0.0,0.0,0.0,0.0,0.0,0.0,0.0,0.0,0.0
CC1=NOC(C)=C1/N=N/C2=C(Br)C=CC=C2,0.0,0,0.0,0.0,321.0,0.0,428.0,0.0,310.0,0.0,428.0,0.0,0.0,0,0,MeCN,0.0,0.0,0.0,0.0,0.0,0.0,0.0,0.0,0.0,0.0,0.0,0.0
CC1=NOC(C)=C1/N=N/C2=CC(Br)=CC=C2,0.0,0,0.0,0.0,315.0,0.0,423.0,0.0,306.0,0.0,429.0,0.0,0.0,0,0,MeCN,0.0,0.0,0.0,0.0,0.0,0.0,0.0,0.0,0.0,0.0,0.0,0.0
CC1=NOC(C)=C1/N=N/C2=CC=C(Br)C=C2,0.0,0,0.0,0.0,325.0,0.0,421.0,0.0,295.0,0.0,432.0,0.0,0.0,0,0,MeCN,0.0,0.0,0.0,0.0,0.0,0.0,0.0,0.0,0.0,0.0,0.0,0.0
CC1=NOC(C)=C1/N=N/C2=CC=C(I)C=C2,0.0,0,0.0,0.0,330.0,0.0,424.0,0.0,295.0,0.0,432.0,0.0,0.0,0,0,MeCN,0.0,0.0,0.0,0.0,0.0,0.0,0.0,0.0,0.0,0.0,0.0,0.0
CC1=NOC(C)=C1/N=N/C2=CC(O)=CC=C2,0.0,0,0.0,0.0,313.0,0.0,418.0,0.0,288.0,0.0,432.0,0.0,0.0,0,0,MeCN,0.0,0.0,0.0,0.0,0.0,0.0,0.0,0.0,0.0,0.0,0.0,0.0
CC1=NOC(C)=C1/N=N/C2=CC(C(F)(F)F)=CC=C2,0.0,0,0.0,0.0,314.0,0.0,418.0,0.0,308.0,0.0,426.0,0.0,0.0,0,0,MeCN,0.0,0.0,0.0,0.0,0.0,0.0,0.0,0.0,0.0,0.0,0.0,0.0
CC1=NOC(C)=C1/N=N/C2=CC=C(C(F)(F)F)C=C2,0.0,0,0.0,0.0,312.0,0.0,425.0,0.0,309.0,0.0,429.0,0.0,0.0,0,0,MeCN,0.0,0.0,0.0,0.0,0.0,0.0,0.0,0.0,0.0,0.0,0.0,0.0
CC1=NOC(C)=C1/N=N/C2=C(OC)C=CC=C2,0.0,0,0.0,0.0,311.0,0.0,414.0,0.0,285.0,0.0,426.0,0.0,0.0,0,0,MeCN,0.0,0.0,0.0,0.0,0.0,0.0,0.0,0.0,0.0,0.0,0.0,0.0
CC1=NOC(C)=C1/N=N/C2=CC(OC)=CC=C2,0.0,0,0.0,0.0,312.0,0.0,423.0,0.0,289.0,0.0,430.0,0.0,0.0,0,0,MeCN,0.0,0.0,0.0,0.0,0.0,0.0,0.0,0.0,0.0,0.0,0.0,0.0
CC1=NOC(C)=C1/N=N/C2=CC=C(OC)C=C2,0.0,0,0.0,0.0,337.0,0.0,403.0,0.0,309.0,0.0,434.0,0.0,0.0,0,0,MeCN,0.0,0.0,0.0,0.0,0.0,0.0,0.0,0.0,0.0,0.0,0.0,0.0
CC1=NOC(C)=C1/N=N/C2=C([N+]([O-])=O)C=CC=C2,0.0,0,0.0,0.0,318.0,0.0,421.0,0.0,318.0,0.0,415.0,0.0,0.0,0,0,MeCN,0.0,0.0,0.0,0.0,0.0,0.0,0.0,0.0,0.0,0.0,0.0,0.0
CC1=NOC(C)=C1/N=N/C2=CC=C([N+]([O-])=O)C=C2,0.0,0,0.0,0.0,332.0,0.0,431.0,0.0,295.0,0.0,436.0,0.0,0.0,0,0,MeCN,0.0,0.0,0.0,0.0,0.0,0.0,0.0,0.0,0.0,0.0,0.0,0.0
CC1=NOC(C)=C1/N=N/C2=CC=C(C)C=C2,0.0,0,0.0,0.0,323.0,0.0,420.0,0.0,308.0,0.0,430.0,0.0,0.0,0,0,MeCN,0.0,0.0,0.0,0.0,0.0,0.0,0.0,0.0,0.0,0.0,0.0,0.0
CC1=NOC(C)=C1/N=N/C2=CC(NC(C)=O)=CC=C2,0.0,0,0.0,0.0,315.0,0.0,429.0,0.0,295.0,0.0,429.0,0.0,0.0,0,0,MeCN,0.0,0.0,0.0,0.0,0.0,0.0,0.0,0.0,0.0,0.0,0.0,0.0
CC1=NOC(C)=C1/N=N/C2=CC=C(NC(C)=O)C=C2,0.0,0,0.0,0.0,342.0,0.0,416.0,0.0,315.0,0.0,437.0,0.0,0.0,0,0,MeCN,0.0,0.0,0.0,0.0,0.0,0.0,0.0,0.0,0.0,0.0,0.0,0.0
CC1=C(/N=N/C2=C3C=CC=CC3=CC=C2)C(C)=NO1,0.0,0,0.0,0.0,362.0,0.0,439.0,0.0,342.0,0.0,440.0,0.0,0.0,0,0,MeCN,0.0,0.0,0.0,0.0,0.0,0.0,0.0,0.0,0.0,0.0,0.0,0.0
CC1=C(/N=N/C2=CC(Cl)=CC=C2Cl)C(C)=NO1,0.0,0,0.0,0.0,320.0,0.0,430.0,0.0,298.0,0.0,427.0,0.0,0.0,0,0,MeCN,0.0,0.0,0.0,0.0,0.0,0.0,0.0,0.0,0.0,0.0,0.0,0.0
CC1=C(/N=N/C2=C(Cl)C=CC=C2Cl)C(C)=NO1,0.0,0,0.0,0.0,297.0,0.0,429.0,0.0,292.0,0.0,421.0,0.0,0.0,0,0,MeCN,0.0,0.0,0.0,0.0,0.0,0.0,0.0,0.0,0.0,0.0,0.0,0.0
CC1=C(/N=N/C2=CC=C(F)C=C2F)C(C)=NO1,0.0,0,0.0,0.0,324.0,0.0,420.0,0.0,323.0,0.0,420.0,0.0,0.0,0,0,MeCN,0.0,0.0,0.0,0.0,0.0,0.0,0.0,0.0,0.0,0.0,0.0,0.0
CC1=C(/N=N/C2=CC(F)=CC=C2F)C(C)=NO1,0.0,0,0.0,0.0,328.0,0.0,417.0,0.0,287.0,0.0,422.0,0.0,0.0,0,0,MeCN,0.0,0.0,0.0,0.0,0.0,0.0,0.0,0.0,0.0,0.0,0.0,0.0
CC1=C(/N=N/C2=C(F)C=CC=C2F)C(C)=NO1,0.0,0,0.0,0.0,309.0,0.0,419.0,0.0,305.0,0.0,419.0,0.0,0.0,0,0,MeCN,0.0,0.0,0.0,0.0,0.0,0.0,0.0,0.0,0.0,0.0,0.0,0.0
CC1=C(/N=N/C2=CC(F)=CC(F)=C2)C(C)=NO1,0.0,0,0.0,0.0,315.0,0.0,417.0,0.0,297.0,0.0,429.0,0.0,0.0,0,0,MeCN,0.0,0.0,0.0,0.0,0.0,0.0,0.0,0.0,0.0,0.0,0.0,0.0
CC1=C(/N=N/C2=CC=CC(N)=C2)C(C)=NO1,0.0,0,0.0,0.0,315.0,0.0,373.0,0.0,290.0,0.0,428.0,0.0,0.0,0,0,MeCN,0.0,0.0,0.0,0.0,0.0,0.0,0.0,0.0,0.0,0.0,0.0,0.0
CC1=C(/N=N/C2=CC=CC=C2C#N)C(C)=NO1,0.0,0,0.0,0.0,325.0,0.0,431.0,0.0,304.0,0.0,434.0,0.0,0.0,0,0,MeCN,0.0,0.0,0.0,0.0,0.0,0.0,0.0,0.0,0.0,0.0,0.0,0.0
CC1=C(/N=N/C2=CC=CN=C2)C(C)=NO1,0.0,0,0.0,0.0,316.0,0.0,421.0,0.0,311.0,0.0,429.0,0.0,0.0,0,0,MeCN,0.0,0.0,0.0,0.0,0.0,0.0,0.0,0.0,0.0,0.0,0.0,0.0
CC1=CC=C(/N=N/C2=CC=CS2)C=C1,0.0,0,0.0,0.0,365.0,0.0,450.0,0.0,285.0,0.0,450.0,0.0,0.0,0,0,MeCN,0.0,0.0,0.0,0.0,0.0,0.0,0.0,0.0,0.0,0.0,0.0,0.0
C1(/N=N/C2=CC=CC=C2)=CC=CC=C1,0.0,0,0.0,0.0,319.0,0.0,440.0,0.0,0.0,0.0,0.0,0.0,0.0,0,0,EtOH,344.0,477.0,0.0,304.0,465.0,0.0,0.0,0.0,324.0,438.0,275.0,461.0
BrC1=CC=CC=C1/N=N/C2=CC=CC=C2,0.0,0,0.0,0.0,326.0,0.0,0.0,0.0,0.0,0.0,0.0,0.0,0.0,0,0,EtOH,357.0,0.0,0.0,0.0,0.0,0.0,0.0,0.0,331.0,0.0,0.0,0.0
FC(F)(F)C1=CC=CC=C1/N=N/C2=CC=CC=C2,0.0,0,0.0,0.0,317.0,0.0,452.0,0.0,0.0,0.0,0.0,0.0,0.0,0,0,Alk,342.0,497.0,0.0,0.0,0.0,0.0,0.0,0.0,330.0,463.0,0.0,0.0
CC1=CC=CC=C1/N=N/C2=CC=CC=C2,0.0,0,0.0,0.0,323.0,0.0,455.0,0.0,0.0,0.0,0.0,0.0,0.0,0,0,Alk,349.0,495.0,0.0,0.0,0.0,0.0,0.0,0.0,337.0,467.0,0.0,0.0
NC1=CC=CC=C1/N=N/C2=CC=CC=C2,0.0,0,0.0,0.0,421.0,0.0,0.0,0.0,0.0,0.0,0.0,0.0,0.0,0,0,EtOH,419.0,0.0,0.0,0.0,0.0,0.0,0.0,0.0,388.0,0.0,0.0,0.0
BrC1=CC(/N=N/C2=CC=CC=C2)=CC=C1,0.0,0,0.0,0.0,321.0,0.0,0.0,0.0,0.0,0.0,0.0,0.0,0.0,0,0,EtOH,343.0,0.0,0.0,0.0,0.0,0.0,0.0,0.0,324.0,0.0,0.0,0.0
CC1=CC(/N=N/C2=CC=CC=C2)=CC=C1,0.0,0,0.0,0.0,322.0,0.0,0.0,0.0,0.0,0.0,0.0,0.0,0.0,0,0,Wat,347.0,0.0,0.0,0.0,0.0,0.0,0.0,0.0,326.0,0.0,0.0,0.0
NC1=CC(/N=N/C2=CC=CC=C2)=CC=C1,0.0,0,0.0,0.0,417.0,0.0,0.0,0.0,0.0,0.0,0.0,0.0,0.0,0,0,EtOH,429.0,0.0,0.0,0.0,0.0,0.0,0.0,0.0,370.0,0.0,0.0,0.0
O=[N+]([O-])C1=CC(/N=N/C2=CC=CC=C2)=CC=C1,0.0,0,0.0,0.0,327.0,0.0,0.0,0.0,0.0,0.0,0.0,0.0,0.0,0,0,Wat,340.0,0.0,0.0,0.0,0.0,0.0,0.0,0.0,322.0,0.0,0.0,0.0
BrC1=CC=C(/N=N/C2=CC=CC=C2)C=C1,0.0,0,0.0,0.0,329.0,0.0,448.0,0.0,0.0,0.0,0.0,0.0,0.0,0,0,EtOH,355.0,478.0,0.0,310.0,463.0,0.0,0.0,0.0,329.0,440.0,283.0,446.0
FC(F)(F)C1=CC=C(/N=N/C2=CC=CC=C2)C=C1,0.0,0,0.0,0.0,315.0,0.0,450.0,0.0,0.0,0.0,0.0,0.0,0.0,0,0,Alk,339.0,489.0,0.0,0.0,0.0,0.0,0.0,0.0,327.0,455.0,0.0,0.0
ClC1=CC=C(/N=N/C2=CC=CC=C2)C=C1,0.0,0,0.0,0.0,324.0,0.0,442.0,0.0,0.0,0.0,0.0,0.0,0.0,0,0,CH,348.0,479.0,0.0,0.0,0.0,0.0,0.0,0.0,334.0,454.0,0.0,0.0
N#CC1=CC=C(/N=N/C2=CC=CC=C2)C=C1,0.0,0,0.0,0.0,321.0,0.0,455.0,0.0,0.0,0.0,0.0,0.0,0.0,0,0,ACN,352.0,499.0,0.0,0.0,0.0,0.0,0.0,0.0,331.0,464.0,0.0,0.0
CC(C1=CC=C(/N=N/C2=CC=CC=C2)C=C1)=O,0.0,0,0.0,0.0,326.0,0.0,0.0,0.0,0.0,0.0,0.0,0.0,0.0,0,0,EtOH,360.0,0.0,0.0,0.0,0.0,0.0,0.0,0.0,335.0,0.0,0.0,0.0
O=C(OC)C1=CC=C(/N=N/C2=CC=CC=C2)C=C1,0.0,0,0.0,0.0,328.0,0.0,467.0,0.0,0.0,0.0,0.0,0.0,0.0,0,0,EtOH,355.0,496.0,0.0,0.0,0.0,0.0,0.0,0.0,331.0,450.0,0.0,0.0
FC1=CC=C(/N=N/C2=CC=CC=C2)C=C1,0.0,0,0.0,0.0,322.0,0.0,437.0,0.0,0.0,0.0,0.0,0.0,0.0,0,0,EtOH,367.0,471.0,0.0,304.0,466.0,0.0,0.0,0.0,326.0,435.0,281.0,433.0
OC1=CC=C(/N=N/C2=CC=CC=C2)C=C1,0.0,0,0.0,0.0,339.0,0.0,434.0,0.0,0.0,0.0,0.0,0.0,0.0,0,0,CH,358.0,468.0,0.0,0.0,0.0,0.0,0.0,0.0,346.0,442.0,0.0,0.0
O=C1C=CC(N1C2=CC=C(/N=N/C3=CC=CC=C3)C=C2)=O,0.0,0,0.0,0.0,329.0,0.0,0.0,0.0,0.0,0.0,0.0,0.0,0.0,0,0,MeOH,356.0,0.0,0.0,0.0,0.0,0.0,0.0,0.0,332.0,0.0,0.0,0.0
CC1=CC=C(/N=N/C2=CC=CC=C2)C=C1,0.0,0,0.0,0.0,330.0,0.0,445.0,0.0,0.0,0.0,0.0,0.0,0.0,0,0,EtOH,353.0,472.0,0.0,310.0,469.0,0.0,0.0,0.0,334.0,434.0,287.0,446.0
CCN(CC)C1=CC=C(/N=N/C2=CC=CC=C2)C=C1,0.0,0,0.0,0.0,416.0,0.0,0.0,0.0,0.0,0.0,0.0,0.0,0.0,0,0,EtOH,431.0,0.0,0.0,0.0,0.0,0.0,0.0,0.0,402.0,0.0,0.0,0.0
NC1=CC=C(/N=N/C2=CC=CC=C2)C=C1,0.0,0,0.0,0.0,364.0,0.0,430.0,0.0,0.0,0.0,0.0,0.0,0.0,0,0,CH,383.0,465.0,0.0,0.0,0.0,0.0,0.0,0.0,370.0,437.0,0.0,0.0
CC(NC1=CC=C(/N=N/C2=CC=CC=C2)C=C1)=O,0.0,0,0.0,0.0,346.0,0.0,0.0,0.0,0.0,0.0,0.0,0.0,0.0,0,0,CH,371.0,0.0,0.0,0.0,0.0,0.0,0.0,0.0,353.0,0.0,0.0,0.0
CNC1=CC=C(/N=N/C2=CC=CC=C2)C=C1,0.0,0,0.0,0.0,380.0,0.0,0.0,0.0,0.0,0.0,0.0,0.0,0.0,0,0,CH,400.0,0.0,0.0,0.0,0.0,0.0,0.0,0.0,386.0,0.0,0.0,0.0
CN(C)C1=CC=C(/N=N/C2=CC=CC=C2)C=C1,0.0,0,0.0,0.0,408.0,0.0,0.0,0.0,0.0,0.0,0.0,0.0,0.0,0,0,MeOH,427.0,0.0,0.0,0.0,0.0,0.0,0.0,0.0,397.0,0.0,0.0,0.0
O=[N+]([O-])C1=CC=C(/N=N/C2=CC=CC=C2)C=C1,0.0,0,0.0,0.0,333.0,0.0,460.0,0.0,0.0,0.0,0.0,0.0,0.0,0,0,EtOH,378.0,517.0,0.0,0.0,0.0,0.0,0.0,0.0,344.0,459.0,0.0,0.0
C1(NC2=CC=CC=C2)=CC=C(/N=N/C3=CC=CC=C3)C=C1,0.0,0,0.0,0.0,411.0,0.0,0.0,0.0,0.0,0.0,0.0,0.0,0.0,0,0,MeOH,439.0,0.0,0.0,0.0,0.0,0.0,0.0,0.0,397.0,0.0,0.0,0.0
FC(F)(F)C1=C(/N=N/C2=C(C(F)(F)F)C=CC=C2)C=CC=C1,0.0,0,0.0,0.0,317.0,0.0,463.0,0.0,0.0,0.0,0.0,0.0,0.0,0,0,Alk,343.0,513.0,0.0,0.0,0.0,0.0,0.0,0.0,330.0,477.0,0.0,0.0
ClC1=C(/N=N/C2=C(Cl)C=CC=C2)C=CC=C1,0.0,0,0.0,0.0,328.0,0.0,467.0,0.0,0.0,0.0,0.0,0.0,0.0,0,0,CH,362.0,515.0,0.0,0.0,0.0,0.0,0.0,0.0,344.0,485.0,0.0,0.0
CC1=CC=CC=C1/N=N/C2=CC=CC=C2C,0.0,0,0.0,0.0,331.0,0.0,442.0,0.0,0.0,0.0,0.0,0.0,0.0,0,0,EtOH,365.0,512.0,0.0,0.0,0.0,0.0,0.0,0.0,343.0,478.0,0.0,0.0
CC(C=CC=C1C)=C1/N=N/C2=CC=CC=C2,0.0,0,0.0,0.0,316.0,0.0,461.0,0.0,0.0,0.0,0.0,0.0,0.0,0,0,Alk,332.0,496.0,0.0,0.0,0.0,0.0,0.0,0.0,318.0,470.0,0.0,0.0
BrC1=CC=CC(/N=N/C2=CC=CC(Br)=C2)=C1,0.0,0,0.0,0.0,320.0,0.0,435.0,0.0,0.0,0.0,0.0,0.0,0.0,0,0,EtOH,349.0,480.0,0.0,0.0,0.0,0.0,0.0,0.0,322.0,440.0,0.0,0.0
ClC1=CC=CC(/N=N/C2=CC=CC(Cl)=C2)=C1,0.0,0,0.0,0.0,320.0,0.0,435.0,0.0,0.0,0.0,0.0,0.0,0.0,0,0,EtOH,346.0,479.0,0.0,0.0,0.0,0.0,0.0,0.0,322.0,440.0,0.0,0.0
FC1=CC=CC(/N=N/C2=CC=CC(F)=C2)=C1,0.0,0,0.0,0.0,320.0,0.0,435.0,0.0,0.0,0.0,0.0,0.0,0.0,0,0,EtOH,345.0,478.0,0.0,0.0,0.0,0.0,0.0,0.0,322.0,439.0,0.0,0.0
CC1=CC=CC(/N=N/C2=CC=CC(C)=C2)=C1,0.0,0,0.0,0.0,331.0,0.0,447.0,0.0,0.0,0.0,0.0,0.0,0.0,0,0,Chl,345.0,480.0,0.0,0.0,0.0,0.0,0.0,0.0,330.0,444.0,0.0,0.0
BrC1=CC=C(/N=N/C2=CC=C(Br)C=C2)C=C1,0.0,0,0.0,0.0,324.0,0.0,440.0,0.0,0.0,0.0,0.0,0.0,0.0,0,0,EtOH,366.0,479.0,0.0,0.0,0.0,0.0,0.0,0.0,336.0,441.0,0.0,0.0
ClC1=CC=C(/N=N/C2=CC=C(Cl)C=C2)C=C1,0.0,0,0.0,0.0,331.0,0.0,444.0,0.0,0.0,0.0,0.0,0.0,0.0,0,0,CH,358.0,478.0,0.0,0.0,0.0,0.0,0.0,0.0,340.0,450.0,0.0,0.0
FC(F)(F)C1=CC=C(/N=N/C2=CC=C(C(F)(F)F)C=C2)C=C1,0.0,0,0.0,0.0,313.0,0.0,454.0,0.0,0.0,0.0,0.0,0.0,0.0,0,0,Alk,335.0,497.0,0.0,0.0,0.0,0.0,0.0,0.0,322.0,461.0,0.0,0.0
FC1=CC=C(/N=N/C2=CC=C(F)C=C2)C=C1,0.0,0,0.0,0.0,325.0,0.0,432.0,0.0,0.0,0.0,0.0,0.0,0.0,0,0,EtOH,349.0,465.0,0.0,0.0,0.0,0.0,0.0,0.0,327.0,431.0,0.0,0.0
CC1=CC=C(/N=N/C2=CC=C(C)C=C2)C=C1,0.0,0,0.0,0.0,326.0,0.0,437.0,0.0,0.0,0.0,0.0,0.0,0.0,0,0,Alk,351.0,472.0,0.0,0.0,0.0,0.0,0.0,0.0,339.0,444.0,0.0,0.0
CC1=C(/N=N/C2=CC=CC=C2)C(C)=CC(C)=C1,0.0,0,0.0,0.0,0.0,0.0,465.0,0.0,0.0,0.0,0.0,0.0,0.0,0,0,Alk,0.0,497.0,0.0,0.0,0.0,0.0,0.0,0.0,0.0,470.0,0.0,0.0
CC1=C(/N=N/C2=CC=CC(C)=C2C)C=CC=C1C,0.0,0,0.0,0.0,332.0,0.0,458.0,0.0,0.0,0.0,0.0,0.0,0.0,0,0,CH,342.0,492.0,0.0,0.0,0.0,0.0,0.0,0.0,328.0,471.0,0.0,0.0
CC1=C(/N=N/C2=CC=C(C)C=C2C)C=CC(C)=C1,0.0,0,0.0,0.0,346.0,0.0,458.0,0.0,0.0,0.0,0.0,0.0,0.0,0,0,CH,374.0,500.0,0.0,0.0,0.0,0.0,0.0,0.0,360.0,474.0,0.0,0.0
CC1=C(/N=N/C2=CC(C)=CC=C2C)C=C(C)C=C1,0.0,0,0.0,0.0,336.0,0.0,463.0,0.0,0.0,0.0,0.0,0.0,0.0,0,0,CH,370.0,510.0,0.0,0.0,0.0,0.0,0.0,0.0,354.0,483.0,0.0,0.0
CC1=CC(/N=N/C2=CC(C)=C(C)C=C2)=CC=C1C,0.0,0,0.0,0.0,333.0,0.0,441.0,0.0,0.0,0.0,0.0,0.0,0.0,0,0,CH,356.0,473.0,0.0,0.0,0.0,0.0,0.0,0.0,343.0,445.0,0.0,0.0
CC1=C(Cl)C=CC=C1/N=N/C2=C(C)C(Cl)=CC=C2,0.0,0,0.0,0.0,329.0,0.0,461.0,0.0,0.0,0.0,0.0,0.0,0.0,0,0,CH,341.0,495.0,0.0,0.0,0.0,0.0,0.0,0.0,325.0,471.0,0.0,0.0
CC1=CC(Cl)=CC=C1/N=N/C2=C(C)C=C(Cl)C=C2,0.0,0,0.0,0.0,346.0,0.0,461.0,0.0,0.0,0.0,0.0,0.0,0.0,0,0,CH,379.0,506.0,0.0,0.0,0.0,0.0,0.0,0.0,360.0,481.0,0.0,0.0
BrC1=CC(Br)=CC(Br)=C1/N=N/C2=C(Br)C=C(Br)C=C2Br,0.0,0,0.0,0.0,302.0,0.0,474.0,0.0,0.0,0.0,0.0,0.0,0.0,0,0,EtOH,328.0,529.0,0.0,0.0,0.0,0.0,0.0,0.0,298.0,492.0,0.0,0.0
CC1=CC(C)=CC(C)=C1/N=N/C2=C(C)C=C(C)C=C2C,0.0,0,0.0,0.0,325.0,0.0,465.0,0.0,0.0,0.0,0.0,0.0,0.0,0,0,Alk,344.0,503.0,0.0,0.0,0.0,0.0,0.0,0.0,316.0,479.0,0.0,0.0
CCN(CC)C(C=C1)=CC=C1/N=N/C2=C(C#N)C=CC=C2,0.0,0,0.0,0.0,462.0,0.0,0.0,0.0,0.0,0.0,0.0,0.0,0.0,0,0,EtOH,453.0,0.0,0.0,0.0,0.0,0.0,0.0,0.0,422.0,0.0,0.0,0.0
CN(C)C(C=C1)=CC=C1/N=N/C2=C(C(O)=O)C=CC=C2,0.0,0,0.0,0.0,410.0,0.0,0.0,0.0,0.0,0.0,0.0,0.0,0.0,0,0,MeOH,465.0,0.0,0.0,0.0,0.0,0.0,0.0,0.0,434.0,0.0,0.0,0.0
NC1=C(/N=N/C2=CC=CC=C2)C=CC(N)=C1,0.0,0,0.0,0.0,411.0,0.0,0.0,0.0,0.0,0.0,0.0,0.0,0.0,0,0,EtOH,404.0,0.0,0.0,0.0,0.0,0.0,0.0,0.0,384.0,0.0,0.0,0.0
O=[N+]([O-])C1=C(/N=N/C2=C([N+]([O-])=O)C=CC=C2)C=CC=C1,0.0,0,0.0,0.0,323.0,0.0,0.0,0.0,0.0,0.0,0.0,0.0,0.0,0,0,Chl,354.0,0.0,0.0,0.0,0.0,0.0,0.0,0.0,327.0,0.0,0.0,0.0
OC(C=C(O)C=C1)=C1/N=N/C2=CC=CC=C2,0.0,0,0.0,0.0,400.0,0.0,0.0,0.0,0.0,0.0,0.0,0.0,0.0,0,0,MeOH,382.0,0.0,0.0,0.0,0.0,0.0,0.0,0.0,360.0,0.0,0.0,0.0
OC(C=CC(C)=C1)=C1/N=N/C2=CC=CC=C2,0.0,0,0.0,0.0,330.0,0.0,0.0,0.0,0.0,0.0,0.0,0.0,0.0,0,0,Benz,403.0,0.0,0.0,0.0,0.0,0.0,0.0,0.0,309.0,0.0,0.0,0.0
CCN(CC)C1=CC=C(/N=N/C2=CC(C#N)=CC=C2)C=C1,0.0,0,0.0,0.0,446.0,0.0,0.0,0.0,0.0,0.0,0.0,0.0,0.0,0,0,EtOH,444.0,0.0,0.0,0.0,0.0,0.0,0.0,0.0,407.0,0.0,0.0,0.0
O=[N+]([O-])C1=CC=CC(/N=N/C2=CC([N+]([O-])=O)=CC=C2)=C1,0.0,0,0.0,0.0,311.0,0.0,0.0,0.0,0.0,0.0,0.0,0.0,0.0,0,0,Chl,339.0,0.0,0.0,0.0,0.0,0.0,0.0,0.0,319.0,0.0,0.0,0.0
BrC(C=C1)=CC=C1/N=N/C2=CC=C(N(C)C)C=C2,0.0,0,0.0,0.0,419.0,0.0,0.0,0.0,0.0,0.0,0.0,0.0,0.0,0,0,EtOH,428.0,0.0,0.0,0.0,0.0,0.0,0.0,0.0,404.0,0.0,0.0,0.0
ClC(C=C1)=CC=C1/N=N/C2=CC=C(N(C)C)C=C2,0.0,0,0.0,0.0,416.0,0.0,0.0,0.0,0.0,0.0,0.0,0.0,0.0,0,0,EtOH,435.0,0.0,0.0,0.0,0.0,0.0,0.0,0.0,404.0,0.0,0.0,0.0
CN(C)C1=CC=C(/N=N/C2=CC=C(C(F)(F)F)C=C2)C=C1,0.0,0,0.0,0.0,427.0,0.0,0.0,0.0,0.0,0.0,0.0,0.0,0.0,0,0,EtOH,443.0,0.0,0.0,0.0,0.0,0.0,0.0,0.0,408.0,0.0,0.0,0.0
CCN(CC)C1=CC=C(/N=N/C2=CC=C(C#N)C=C2)C=C1,0.0,0,0.0,0.0,466.0,0.0,0.0,0.0,0.0,0.0,0.0,0.0,0.0,0,0,EtOH,465.0,0.0,0.0,0.0,0.0,0.0,0.0,0.0,428.0,0.0,0.0,0.0
CN(C)C1=CC=C(/N=N/C2=CC=C(C(OC)=O)C=C2)C=C1,0.0,0,0.0,0.0,442.0,0.0,0.0,0.0,0.0,0.0,0.0,0.0,0.0,0,0,EtOH,457.0,0.0,0.0,0.0,0.0,0.0,0.0,0.0,419.0,0.0,0.0,0.0
FC(C=C1)=CC=C1/N=N/C2=CC=C(N(C)C)C=C2,0.0,0,0.0,0.0,407.0,0.0,0.0,0.0,0.0,0.0,0.0,0.0,0.0,0,0,EtOH,437.0,0.0,0.0,0.0,0.0,0.0,0.0,0.0,397.0,0.0,0.0,0.0
CC(C=C1)=CC=C1/N=N/C2=CC=C(N(C)C)C=C2,0.0,0,0.0,0.0,400.0,0.0,0.0,0.0,0.0,0.0,0.0,0.0,0.0,0,0,CH,409.0,0.0,0.0,0.0,0.0,0.0,0.0,0.0,389.0,0.0,0.0,0.0
CC(C=C1)=CC=C1/N=N/C2=CC=C(N(CC)CC)C=C2,0.0,0,0.0,0.0,411.0,0.0,0.0,0.0,0.0,0.0,0.0,0.0,0.0,0,0,EtOH,432.0,0.0,0.0,0.0,0.0,0.0,0.0,0.0,403.0,0.0,0.0,0.0
CCN(CC)C1=CC=C(/N=N/C2=CC=C(N(CC)CC)C=C2)C=C1,0.0,0,0.0,0.0,426.0,0.0,0.0,0.0,0.0,0.0,0.0,0.0,0.0,0,0,EtOH,467.0,0.0,0.0,0.0,0.0,0.0,0.0,0.0,434.0,0.0,0.0,0.0
NC1=CC=C(/N=N/C2=CC=C(N(CC)CC)C=C2)C=C1,0.0,0,0.0,0.0,412.0,0.0,0.0,0.0,0.0,0.0,0.0,0.0,0.0,0,0,EtOH,449.0,0.0,0.0,0.0,0.0,0.0,0.0,0.0,418.0,0.0,0.0,0.0
CN(C)C1=CC=C(/N=N/C2=CC=C(N(CC)CC)C=C2)C=C1,0.0,0,0.0,0.0,420.0,0.0,0.0,0.0,0.0,0.0,0.0,0.0,0.0,0,0,EtOH,464.0,0.0,0.0,0.0,0.0,0.0,0.0,0.0,430.0,0.0,0.0,0.0
CCN(CC)C(C=C1)=CC=C1/N=N/C2=CC=C([N+]([O-])=O)C=C2,0.0,0,0.0,0.0,482.0,0.0,0.0,0.0,0.0,0.0,0.0,0.0,0.0,0,0,EtOH,528.0,0.0,0.0,0.0,0.0,0.0,0.0,0.0,458.0,0.0,0.0,0.0
O=[N+]([O-])C1=CC=C(/N=N/C2=CC=C(NCCC#N)C=C2)C=C1,0.0,0,0.0,0.0,455.0,0.0,0.0,0.0,0.0,0.0,0.0,0.0,0.0,0,0,MeOH,511.0,0.0,0.0,0.0,0.0,0.0,0.0,0.0,448.0,0.0,0.0,0.0
OCCNC(C=C1)=CC=C1/N=N/C2=CC=C([N+]([O-])=O)C=C2,0.0,0,0.0,0.0,503.0,0.0,0.0,0.0,0.0,0.0,0.0,0.0,0.0,0,0,EtOH,532.0,0.0,0.0,0.0,0.0,0.0,0.0,0.0,462.0,0.0,0.0,0.0
NC1=CC=C(/N=N/C2=CC=C(N(C)C)C=C2)C=C1,0.0,0,0.0,0.0,410.0,0.0,0.0,0.0,0.0,0.0,0.0,0.0,0.0,0,0,EtOH,446.0,0.0,0.0,0.0,0.0,0.0,0.0,0.0,414.0,0.0,0.0,0.0
NC1=CC=C(/N=N/C2=CC=C([N+]([O-])=O)C=C2)C=C1,0.0,0,0.0,0.0,441.0,0.0,0.0,0.0,0.0,0.0,0.0,0.0,0.0,0,0,EtOH,493.0,0.0,0.0,0.0,0.0,0.0,0.0,0.0,435.0,0.0,0.0,0.0
CN(C)C(C=C1)=CC=C1/N=N/C2=CC=C(N(C)C)C=C2,0.0,0,0.0,0.0,455.0,0.0,0.0,0.0,0.0,0.0,0.0,0.0,0.0,0,0,EtOH,461.0,0.0,0.0,0.0,0.0,0.0,0.0,0.0,427.0,0.0,0.0,0.0
CN(C)C(C=C1)=CC=C1/N=N/C2=CC=CC=C2[N+]([O-])=O,0.0,0,0.0,0.0,440.0,0.0,0.0,0.0,0.0,0.0,0.0,0.0,0.0,0,0,EtOH,501.0,0.0,0.0,0.0,0.0,0.0,0.0,0.0,434.0,0.0,0.0,0.0
CN(C)C(C=C1)=CC=C1/N=N/C2=CC=CC([N+]([O-])=O)=C2,0.0,0,0.0,0.0,420.0,0.0,0.0,0.0,0.0,0.0,0.0,0.0,0.0,0,0,CH,419.0,0.0,0.0,0.0,0.0,0.0,0.0,0.0,400.0,0.0,0.0,0.0
CN(C)C(C=C1)=CC=C1/N=N/C2=CC=C([N+]([O-])=O)C=C2,0.0,0,0.0,0.0,473.0,0.0,0.0,0.0,0.0,0.0,0.0,0.0,0.0,0,0,EtOH,522.0,0.0,0.0,0.0,0.0,0.0,0.0,0.0,451.0,0.0,0.0,0.0
O=[N+]([O-])C(C=C1)=CC=C1/N=N/C2=CC=C(NC3=CC=CC=C3)C=C2,0.0,0,0.0,0.0,483.0,0.0,0.0,0.0,0.0,0.0,0.0,0.0,0.0,0,0,Wat,536.0,0.0,0.0,0.0,0.0,0.0,0.0,0.0,452.0,0.0,0.0,0.0
O=[N+]([O-])C1=CC=C(/N=N/C2=CC=C(C=C2)[N+]([O-])=O)C=C1,0.0,0,0.0,0.0,335.0,0.0,0.0,0.0,0.0,0.0,0.0,0.0,0.0,0,0,Chl,368.0,0.0,0.0,0.0,0.0,0.0,0.0,0.0,344.0,0.0,0.0,0.0
OC1=CC=C(/N=N/C2=CC=C(C=C2)[N+]([O-])=O)C=C1,0.0,0,0.0,0.0,382.0,0.0,0.0,0.0,0.0,0.0,0.0,0.0,0.0,0,0,EtOH,427.0,0.0,0.0,0.0,0.0,0.0,0.0,0.0,379.0,0.0,0.0,0.0
OC1=CC=C(/N=N/C2=CC=C(C=C2)O)C=C1,0.0,0,0.0,0.0,355.0,0.0,0.0,0.0,0.0,0.0,0.0,0.0,0.0,0,0,EtOH,382.0,0.0,0.0,0.0,0.0,0.0,0.0,0.0,359.0,0.0,0.0,0.0
CC1=C(/N=N/C2=C(C)C=C(C=C2)N(C)C)C=CC=C1,0.0,0,0.0,0.0,400.0,0.0,0.0,0.0,0.0,0.0,0.0,0.0,0.0,0,0,CH,424.0,0.0,0.0,0.0,0.0,0.0,0.0,0.0,406.0,0.0,0.0,0.0
OC1=C(/N=N/C2=CC(C)=CC(C)=C2)C=CC=C1,0.0,0,0.0,0.0,332.0,0.0,0.0,0.0,0.0,0.0,0.0,0.0,0.0,0,0,EtOH,345.0,0.0,0.0,0.0,0.0,0.0,0.0,0.0,319.0,0.0,0.0,0.0
OC1=C(/N=N/C2=CC=C(NC(C)=O)C=C2)C=C(C)C=C1,0.0,0,0.0,0.0,357.0,0.0,0.0,0.0,0.0,0.0,0.0,0.0,0.0,0,0,Wat,417.0,0.0,0.0,0.0,0.0,0.0,0.0,0.0,379.0,0.0,0.0,0.0
OC1=C(C(O)=O)C=C(/N=N/C2=CC=C([N+]([O-])=O)C=C2)C=C1,0.0,0,0.0,0.0,385.0,0.0,0.0,0.0,0.0,0.0,0.0,0.0,0.0,0,0,MeOH,397.0,0.0,0.0,0.0,0.0,0.0,0.0,0.0,360.0,0.0,0.0,0.0
OC(C=C1)=CC=C1/N=N/C2=CC(C)=CC(C)=C2,0.0,0,0.0,0.0,351.0,0.0,0.0,0.0,0.0,0.0,0.0,0.0,0.0,0,0,EtOH,375.0,0.0,0.0,0.0,0.0,0.0,0.0,0.0,350.0,0.0,0.0,0.0
CCN(CC)C(C=C1)=CC=C1/N=N/C2=C(C#N)C=C(C#N)C=C2,0.0,0,0.0,0.0,515.0,0.0,0.0,0.0,0.0,0.0,0.0,0.0,0.0,0,0,EtOH,484.0,0.0,0.0,0.0,0.0,0.0,0.0,0.0,453.0,0.0,0.0,0.0
CCN(CC)C(C=C1)=CC=C1/N=N/C2=C(C#N)C=CC(C#N)=C2,0.0,0,0.0,0.0,495.0,0.0,0.0,0.0,0.0,0.0,0.0,0.0,0.0,0,0,EtOH,472.0,0.0,0.0,0.0,0.0,0.0,0.0,0.0,437.0,0.0,0.0,0.0
CCN(CC)C(C=C1)=CC=C1/N=N/C2=C(C#N)C=CC=C2C#N,0.0,0,0.0,0.0,503.0,0.0,0.0,0.0,0.0,0.0,0.0,0.0,0.0,0,0,EtOH,465.0,0.0,0.0,0.0,0.0,0.0,0.0,0.0,431.0,0.0,0.0,0.0
CCN(CC)C(C=C1)=CC=C1/N=N/C2=CC(C#N)=C(C#N)C=C2,0.0,0,0.0,0.0,500.0,0.0,0.0,0.0,0.0,0.0,0.0,0.0,0.0,0,0,EtOH,496.0,0.0,0.0,0.0,0.0,0.0,0.0,0.0,447.0,0.0,0.0,0.0
CCN(CC)C(C=C1)=CC=C1/N=N/C2=CC(C#N)=CC(C#N)=C2,0.0,0,0.0,0.0,478.0,0.0,0.0,0.0,0.0,0.0,0.0,0.0,0.0,0,0,EtOH,459.0,0.0,0.0,0.0,0.0,0.0,0.0,0.0,422.0,0.0,0.0,0.0
OC1=C(/N=N/C2=CC=C([N+]([O-])=O)C=C2)C=CC(O)=C1,0.0,0,0.0,0.0,432.0,0.0,0.0,0.0,0.0,0.0,0.0,0.0,0.0,0,0,MeOH,436.0,0.0,0.0,0.0,0.0,0.0,0.0,0.0,395.0,0.0,0.0,0.0
CC1=C(/N=N/C2=CC=C(N(C)C)C=C2C)C=CC(Cl)=C1,0.0,0,0.0,0.0,411.0,0.0,0.0,0.0,0.0,0.0,0.0,0.0,0.0,0,0,CH,433.0,0.0,0.0,0.0,0.0,0.0,0.0,0.0,414.0,0.0,0.0,0.0
CC1=C(/N=N/C2=CC=C(N(C)C)C=C2C)C=CC([N+]([O-])=O)=C1,0.0,0,0.0,0.0,452.0,0.0,0.0,0.0,0.0,0.0,0.0,0.0,0.0,0,0,CH,490.0,0.0,0.0,0.0,0.0,0.0,0.0,0.0,451.0,0.0,0.0,0.0
CC1=C(/N=N/C2=CC=C(N(C)C)C=C2C)C=C([N+]([O-])=O)C=C1,0.0,0,0.0,0.0,425.0,0.0,0.0,0.0,0.0,0.0,0.0,0.0,0.0,0,0,CH,434.0,0.0,0.0,0.0,0.0,0.0,0.0,0.0,417.0,0.0,0.0,0.0
CC1=C(/N=N/C2=CC=C(N(C)C)C=C2C)C=CC(C)=C1,0.0,0,0.0,0.0,399.0,0.0,0.0,0.0,0.0,0.0,0.0,0.0,0.0,0,0,CH,426.0,0.0,0.0,0.0,0.0,0.0,0.0,0.0,408.0,0.0,0.0,0.0
CC1=CC(N(CC)CC)=CC=C1/N=N/C2=C(C#N)C=C(C#N)C=C2C#N,0.0,0,0.0,0.0,562.0,0.0,0.0,0.0,0.0,0.0,0.0,0.0,0.0,0,0,EtOH,496.0,0.0,0.0,0.0,0.0,0.0,0.0,0.0,483.0,0.0,0.0,0.0
OC1=C([N+]([O-])=O)C=C([N+]([O-])=O)C=C1/N=N/C2=C(O)C=CC(C)=C2,0.0,0,0.0,0.0,400.0,0.0,0.0,0.0,0.0,0.0,0.0,0.0,0.0,0,0,Wat,476.0,0.0,0.0,0.0,0.0,0.0,0.0,0.0,384.0,0.0,0.0,0.0
OC(C([N+]([O-])=O)=CC([N+]([O-])=O)=C1)=C1/N=N/C2=CC(C)=CC(NC(C)=O)=C2O,0.0,0,0.0,0.0,400.0,0.0,0.0,0.0,0.0,0.0,0.0,0.0,0.0,0,0,Wat,478.0,0.0,0.0,0.0,0.0,0.0,0.0,0.0,402.0,0.0,0.0,0.0
OC(C([N+]([O-])=O)=CC([N+]([O-])=O)=C1)=C1/N=N/C2=CC(Cl)=C(N)C=C2N,0.0,0,0.0,0.0,492.0,0.0,0.0,0.0,0.0,0.0,0.0,0.0,0.0,0,0,Wat,525.0,0.0,0.0,0.0,0.0,0.0,0.0,0.0,460.0,0.0,0.0,0.0
CC1=C([N+]([O-])=O)C(C)=CC(/N=N/C2=CC(C)=C(N(C)C)C(C)=C2)=C1,0.0,0,0.0,0.0,382.0,0.0,0.0,0.0,0.0,0.0,0.0,0.0,0.0,0,0,EtOH,524.0,0.0,0.0,0.0,0.0,0.0,0.0,0.0,432.0,0.0,0.0,0.0
[H]C1=C(N2CCOCC2)C=CC(/N=N/C3=CC=C(N4CCOCC4)C([H])=C3)=C1,0.0,0,0.0,0.0,402.0,0.0,0.0,0.0,0.0,0.0,0.0,0.0,0.0,0,0,Alk,0.0,0.0,0.0,0.0,0.0,0.0,0.0,0.0,0.0,0.0,0.0,0.0
[H]C5=C(N6CCCCC6)C=CC(/N=N/C7=CC=C(N8CCCCC8)C([H])=C7)=C5,0.0,0,0.0,0.0,410.0,0.0,0.0,0.0,0.0,0.0,0.0,0.0,0.0,0,0,Alk,0.0,0.0,0.0,0.0,0.0,0.0,0.0,0.0,0.0,0.0,0.0,0.0
[H]C9=C(N%10CCCC%10)C=CC(/N=N/C%11=CC=C(N%12CCCC%12)C([H])=C%11)=C9,0.0,0,0.0,0.0,431.0,0.0,0.0,0.0,0.0,0.0,0.0,0.0,0.0,0,0,Alk,0.0,0.0,0.0,0.0,0.0,0.0,0.0,0.0,0.0,0.0,0.0,0.0
CC%13=C(N%14CCCC%14)C=CC(/N=N/C%15=CC=C(N%16CCCC%16)C(C)=C%15)=C%13,0.0,0,0.0,0.0,406.0,0.0,0.0,0.0,0.0,0.0,0.0,0.0,0.0,0,0,Alk,0.0,0.0,0.0,0.0,0.0,0.0,0.0,0.0,0.0,0.0,0.0,0.0
COC%17=CC(/N=N/C%18=CC(OC)=C(N%19CCCC%19)C=C%18)=CC=C%17N%20CCCC%20,0.0,0,0.0,0.0,452.0,0.0,0.0,0.0,0.0,0.0,0.0,0.0,0.0,0,0,Alk,0.0,0.0,0.0,0.0,0.0,0.0,0.0,0.0,0.0,0.0,0.0,0.0
CCN(CC)C(C=C%21)=CC=C%21/N=N/C%22=CC=C(N%23CCOCC%23)C([H])=C%22,0.0,0,0.0,0.0,417.0,0.0,0.0,0.0,0.0,0.0,0.0,0.0,0.0,0,0,Alk,0.0,0.0,0.0,0.0,0.0,0.0,0.0,0.0,0.0,0.0,0.0,0.0
CCN(CC)C(C=C%24)=CC=C%24/N=N/C%25=CC=C(N%26CCCCC%26)C([H])=C%25,0.0,0,0.0,0.0,420.0,0.0,0.0,0.0,0.0,0.0,0.0,0.0,0.0,0,0,Alk,0.0,0.0,0.0,0.0,0.0,0.0,0.0,0.0,0.0,0.0,0.0,0.0
CCN(CC)C(C=C%27)=CC=C%27/N=N/C%28=CC=C(N%29CCOCC%29)C(C)=C%28,0.0,0,0.0,0.0,412.0,0.0,0.0,0.0,0.0,0.0,0.0,0.0,0.0,0,0,Alk,0.0,0.0,0.0,0.0,0.0,0.0,0.0,0.0,0.0,0.0,0.0,0.0
CCN(CC)C(C=C%30)=CC=C%30/N=N/C%31=CC=C(N%32CCOCC%32)C(OC)=C%31,0.0,0,0.0,0.0,422.0,0.0,0.0,0.0,0.0,0.0,0.0,0.0,0.0,0,0,Alk,0.0,0.0,0.0,0.0,0.0,0.0,0.0,0.0,0.0,0.0,0.0,0.0
[H]C1=CC([N+]([O-])=O)=CC([H])=C1/N=N/C2=CC([H])=C(C=C2OC)N(CC)CC,0.0,0,0.0,0.0,501.0,0.0,0.0,0.0,0.0,0.0,0.0,0.0,0.0,0,0,EtOH,0.0,0.0,0.0,0.0,0.0,0.0,0.0,0.0,0.0,0.0,0.0,0.0
NC1=C(OC)C=C(/N=N/C2=C([H])C=C([N+]([O-])=O)C=C2[H])C([H])=C1,0.0,0,0.0,0.0,488.0,0.0,0.0,0.0,0.0,0.0,0.0,0.0,0.0,0,0,EtOH,0.0,0.0,0.0,0.0,0.0,0.0,0.0,0.0,0.0,0.0,0.0,0.0
[H]C1=CC([N+]([O-])=O)=CC([H])=C1/N=N/C2=CC([H])=C(C=C2[H])N(CC)CC,0.0,0,0.0,0.0,489.0,0.0,0.0,0.0,0.0,0.0,0.0,0.0,0.0,0,0,CH,0.0,0.0,0.0,0.0,0.0,0.0,0.0,0.0,0.0,0.0,0.0,0.0
[H]C1=CC([N+]([O-])=O)=CC(Cl)=C1/N=N/C2=CC([H])=C(C=C2[H])N(CC)CC,0.0,0,0.0,0.0,512.0,0.0,0.0,0.0,0.0,0.0,0.0,0.0,0.0,0,0,CH,0.0,0.0,0.0,0.0,0.0,0.0,0.0,0.0,0.0,0.0,0.0,0.0
[H]C1=CC([N+]([O-])=O)=CC([N+]([O-])=O)=C1/N=N/C2=CC([H])=C(C=C2[H])N(CC)CC,0.0,0,0.0,0.0,532.0,0.0,0.0,0.0,0.0,0.0,0.0,0.0,0.0,0,0,0,0.0,0.0,0.0,0.0,0.0,0.0,0.0,0.0,0.0,0.0,0.0,0.0
[H]C1=CC([N+]([O-])=O)=CC(C#N)=C1/N=N/C2=CC([H])=C(C=C2[H])N(CC)CC,0.0,0,0.0,0.0,542.0,0.0,0.0,0.0,0.0,0.0,0.0,0.0,0.0,0,0,0,0.0,0.0,0.0,0.0,0.0,0.0,0.0,0.0,0.0,0.0,0.0,0.0
BrC1=CC([N+]([O-])=O)=CC([N+]([O-])=O)=C1/N=N/C2=CC([H])=C(C=C2[H])N(CC)CC,0.0,0,0.0,0.0,540.0,0.0,0.0,0.0,0.0,0.0,0.0,0.0,0.0,0,0,0,0.0,0.0,0.0,0.0,0.0,0.0,0.0,0.0,0.0,0.0,0.0,0.0
ClC1=CC([N+]([O-])=O)=CC(C#N)=C1/N=N/C2=CC([H])=C(C=C2[H])N(CC)CC,0.0,0,0.0,0.0,551.0,0.0,0.0,0.0,0.0,0.0,0.0,0.0,0.0,0,0,0,0.0,0.0,0.0,0.0,0.0,0.0,0.0,0.0,0.0,0.0,0.0,0.0
[H]C1=C(C=C([H])C(/N=N/C2=C(C#N)C=C([N+]([O-])=O)C=C2C#N)=C1)N(CC)CC,0.0,0,0.0,0.0,592.0,0.0,0.0,0.0,0.0,0.0,0.0,0.0,0.0,0,0,0,0.0,0.0,0.0,0.0,0.0,0.0,0.0,0.0,0.0,0.0,0.0,0.0
[H]C1=CC([N+]([O-])=O)=CC([H])=C1/N=N/C2=CC([H])=C(C=C2OC)N(CC)CC,0.0,0,0.0,0.0,505.0,0.0,0.0,0.0,0.0,0.0,0.0,0.0,0.0,0,0,0,0.0,0.0,0.0,0.0,0.0,0.0,0.0,0.0,0.0,0.0,0.0,0.0
[H]C3=CC([N+]([O-])=O)=CC(Cl)=C3/N=N/C4=CC([H])=C(C=C4OC)N(CC)CC,0.0,0,0.0,0.0,526.0,0.0,0.0,0.0,0.0,0.0,0.0,0.0,0.0,0,0,0,0.0,0.0,0.0,0.0,0.0,0.0,0.0,0.0,0.0,0.0,0.0,0.0
[H]C5=CC([N+]([O-])=O)=CC([N+]([O-])=O)=C5/N=N/C6=CC([H])=C(C=C6OC)N(CC)CC,0.0,0,0.0,0.0,545.0,0.0,0.0,0.0,0.0,0.0,0.0,0.0,0.0,0,0,0,0.0,0.0,0.0,0.0,0.0,0.0,0.0,0.0,0.0,0.0,0.0,0.0
[H]C7=CC([N+]([O-])=O)=CC(C#N)=C7/N=N/C8=CC([H])=C(C=C8OC)N(CC)CC,0.0,0,0.0,0.0,555.0,0.0,0.0,0.0,0.0,0.0,0.0,0.0,0.0,0,0,0,0.0,0.0,0.0,0.0,0.0,0.0,0.0,0.0,0.0,0.0,0.0,0.0
BrC9=CC([N+]([O-])=O)=CC([N+]([O-])=O)=C9/N=N/C%10=CC([H])=C(C=C%10OC)N(CC)CC,0.0,0,0.0,0.0,554.0,0.0,0.0,0.0,0.0,0.0,0.0,0.0,0.0,0,0,0,0.0,0.0,0.0,0.0,0.0,0.0,0.0,0.0,0.0,0.0,0.0,0.0
ClC%11=CC([N+]([O-])=O)=CC(C#N)=C%11/N=N/C%12=CC([H])=C(C=C%12OC)N(CC)CC,0.0,0,0.0,0.0,565.0,0.0,0.0,0.0,0.0,0.0,0.0,0.0,0.0,0,0,0,0.0,0.0,0.0,0.0,0.0,0.0,0.0,0.0,0.0,0.0,0.0,0.0
[H]C%13=C(C=C(OC)C(/N=N/C%14=C(C#N)C=C([N+]([O-])=O)C=C%14C#N)=C%13)N(CC)CC,0.0,0,0.0,0.0,601.0,0.0,0.0,0.0,0.0,0.0,0.0,0.0,0.0,0,0,0,0.0,0.0,0.0,0.0,0.0,0.0,0.0,0.0,0.0,0.0,0.0,0.0
[H]C1=CC([N+]([O-])=O)=CC([H])=C1/N=N/C2=CC(OC)=C(C=C2)N(CC)CC,0.0,0,0.0,0.0,492.0,0.0,0.0,0.0,0.0,0.0,0.0,0.0,0.0,0,0,0,0.0,0.0,0.0,0.0,0.0,0.0,0.0,0.0,0.0,0.0,0.0,0.0
[H]C3=CC([N+]([O-])=O)=CC(Cl)=C3/N=N/C4=CC(OC)=C(C=C4)N(CC)CC,0.0,0,0.0,0.0,518.0,0.0,0.0,0.0,0.0,0.0,0.0,0.0,0.0,0,0,0,0.0,0.0,0.0,0.0,0.0,0.0,0.0,0.0,0.0,0.0,0.0,0.0
[H]C5=CC([N+]([O-])=O)=CC([N+]([O-])=O)=C5/N=N/C6=CC(OC)=C(C=C6)N(CC)CC,0.0,0,0.0,0.0,540.0,0.0,0.0,0.0,0.0,0.0,0.0,0.0,0.0,0,0,0,0.0,0.0,0.0,0.0,0.0,0.0,0.0,0.0,0.0,0.0,0.0,0.0
[H]C7=CC([N+]([O-])=O)=CC(C#N)=C7/N=N/C8=CC(OC)=C(C=C8)N(CC)CC,0.0,0,0.0,0.0,555.0,0.0,0.0,0.0,0.0,0.0,0.0,0.0,0.0,0,0,0,0.0,0.0,0.0,0.0,0.0,0.0,0.0,0.0,0.0,0.0,0.0,0.0
BrC9=CC([N+]([O-])=O)=CC([N+]([O-])=O)=C9/N=N/C%10=CC(OC)=C(C=C%10)N(CC)CC,0.0,0,0.0,0.0,549.0,0.0,0.0,0.0,0.0,0.0,0.0,0.0,0.0,0,0,0,0.0,0.0,0.0,0.0,0.0,0.0,0.0,0.0,0.0,0.0,0.0,0.0
ClC%11=CC([N+]([O-])=O)=CC(C#N)=C%11/N=N/C%12=CC(OC)=C(C=C%12)N(CC)CC,0.0,0,0.0,0.0,573.0,0.0,0.0,0.0,0.0,0.0,0.0,0.0,0.0,0,0,0,0.0,0.0,0.0,0.0,0.0,0.0,0.0,0.0,0.0,0.0,0.0,0.0
CCN(C%13=C(OC)C=C(/N=N/C%14=C(C#N)C=C([N+]([O-])=O)C=C%14C#N)C=C%13)CC,0.0,0,0.0,0.0,623.0,0.0,0.0,0.0,0.0,0.0,0.0,0.0,0.0,0,0,0,0.0,0.0,0.0,0.0,0.0,0.0,0.0,0.0,0.0,0.0,0.0,0.0
CC(C=C(N(CCC#N)CCO)C=C1)=C1/N=N/C2=CC=CC=C2,0.0,0,0.0,0.0,403.0,0.0,0.0,0.0,0.0,0.0,0.0,0.0,0.0,0,0,0,0.0,0.0,0.0,0.0,0.0,0.0,0.0,0.0,0.0,0.0,0.0,0.0
CC(C=C(N(CCC#N)CCO)C=C1)=C1/N=N/C2=CC=CC=C2[N+]([O-])=O,0.0,0,0.0,0.0,429.0,0.0,0.0,0.0,0.0,0.0,0.0,0.0,0.0,0,0,0,0.0,0.0,0.0,0.0,0.0,0.0,0.0,0.0,0.0,0.0,0.0,0.0
CC(C=C(N(CCC#N)CCO)C=C1)=C1/N=N/C2=CC=CC([N+]([O-])=O)=C2,0.0,0,0.0,0.0,424.0,0.0,0.0,0.0,0.0,0.0,0.0,0.0,0.0,0,0,0,0.0,0.0,0.0,0.0,0.0,0.0,0.0,0.0,0.0,0.0,0.0,0.0
CC(C=C(N(CCC#N)CCO)C=C1)=C1/N=N/C2=CC=C([N+]([O-])=O)C=C2,0.0,0,0.0,0.0,461.0,0.0,0.0,0.0,0.0,0.0,0.0,0.0,0.0,0,0,0,0.0,0.0,0.0,0.0,0.0,0.0,0.0,0.0,0.0,0.0,0.0,0.0
CC(C=C(N(CCC#N)CCO)C=C1)=C1/N=N/C2=CC=CC=C2Br,0.0,0,0.0,0.0,417.0,0.0,0.0,0.0,0.0,0.0,0.0,0.0,0.0,0,0,0,0.0,0.0,0.0,0.0,0.0,0.0,0.0,0.0,0.0,0.0,0.0,0.0
CC(C=C(N(CCC#N)CCO)C=C1)=C1/N=N/C2=CC=CC(Br)=C2,0.0,0,0.0,0.0,414.0,0.0,0.0,0.0,0.0,0.0,0.0,0.0,0.0,0,0,0,0.0,0.0,0.0,0.0,0.0,0.0,0.0,0.0,0.0,0.0,0.0,0.0
CC(C=C(N(CCC#N)CCO)C=C1)=C1/N=N/C2=CC=CC=C2Cl,0.0,0,0.0,0.0,412.0,0.0,0.0,0.0,0.0,0.0,0.0,0.0,0.0,0,0,0,0.0,0.0,0.0,0.0,0.0,0.0,0.0,0.0,0.0,0.0,0.0,0.0
CC(C=C(N(CCC#N)CCO)C=C1)=C1/N=N/C2=CC=CC(Cl)=C2,0.0,0,0.0,0.0,410.0,0.0,0.0,0.0,0.0,0.0,0.0,0.0,0.0,0,0,0,0.0,0.0,0.0,0.0,0.0,0.0,0.0,0.0,0.0,0.0,0.0,0.0
CC(C=C(N(CCC#N)CCO)C=C1)=C1/N=N/C2=CC=C(Cl)C=C2,0.0,0,0.0,0.0,413.0,0.0,0.0,0.0,0.0,0.0,0.0,0.0,0.0,0,0,0,0.0,0.0,0.0,0.0,0.0,0.0,0.0,0.0,0.0,0.0,0.0,0.0
CC(C=C(N(CCC#N)CCO)C=C1)=C1/N=N/C2=C(F)C=CC=C2,0.0,0,0.0,0.0,417.0,0.0,0.0,0.0,0.0,0.0,0.0,0.0,0.0,0,0,0,0.0,0.0,0.0,0.0,0.0,0.0,0.0,0.0,0.0,0.0,0.0,0.0
CC(C=C(N(CCC#N)CCO)C=C1)=C1/N=N/C2=CC(F)=CC=C2,0.0,0,0.0,0.0,415.0,0.0,0.0,0.0,0.0,0.0,0.0,0.0,0.0,0,0,0,0.0,0.0,0.0,0.0,0.0,0.0,0.0,0.0,0.0,0.0,0.0,0.0
CC(C=C(N(CCC#N)CCO)C=C1)=C1/N=N/C2=C(C(F)(F)F)C=CC=C2,0.0,0,0.0,0.0,419.0,0.0,0.0,0.0,0.0,0.0,0.0,0.0,0.0,0,0,0,0.0,0.0,0.0,0.0,0.0,0.0,0.0,0.0,0.0,0.0,0.0,0.0
CC(C=C(N(CCC#N)CCO)C=C1)=C1/N=N/C2=CC(C(F)(F)F)=CC=C2,0.0,0,0.0,0.0,418.0,0.0,0.0,0.0,0.0,0.0,0.0,0.0,0.0,0,0,0,0.0,0.0,0.0,0.0,0.0,0.0,0.0,0.0,0.0,0.0,0.0,0.0
CC(C=C(N(CCC#N)CCO)C=C1)=C1/N=N/C2=CC=C(C(F)(F)F)C=C2,0.0,0,0.0,0.0,421.0,0.0,0.0,0.0,0.0,0.0,0.0,0.0,0.0,0,0,0,0.0,0.0,0.0,0.0,0.0,0.0,0.0,0.0,0.0,0.0,0.0,0.0
CC(C=C(N(CCC#N)CCO)C=C1)=C1/N=N/C2=C(C#N)C=CC=C2,0.0,0,0.0,0.0,438.0,0.0,0.0,0.0,0.0,0.0,0.0,0.0,0.0,0,0,0,0.0,0.0,0.0,0.0,0.0,0.0,0.0,0.0,0.0,0.0,0.0,0.0
CC(C=C(N(CCC#N)CCO)C=C1)=C1/N=N/C2=CC=C(C#N)C=C2,0.0,0,0.0,0.0,437.0,0.0,0.0,0.0,0.0,0.0,0.0,0.0,0.0,0,0,0,0.0,0.0,0.0,0.0,0.0,0.0,0.0,0.0,0.0,0.0,0.0,0.0
CC(C=C(N(CCC#N)CCO)C=C1)=C1/N=N/C2=C(OC)C=CC=C2,0.0,0,0.0,0.0,409.0,0.0,0.0,0.0,0.0,0.0,0.0,0.0,0.0,0,0,0,0.0,0.0,0.0,0.0,0.0,0.0,0.0,0.0,0.0,0.0,0.0,0.0
CC(C=C(N(CCC#N)CCO)C=C1)=C1/N=N/C2=CC(OC)=CC=C2,0.0,0,0.0,0.0,407.0,0.0,0.0,0.0,0.0,0.0,0.0,0.0,0.0,0,0,0,0.0,0.0,0.0,0.0,0.0,0.0,0.0,0.0,0.0,0.0,0.0,0.0
CC(C=C(N(CCC#N)CCO)C=C1)=C1/N=N/C2=C(C)C=CC=C2,0.0,0,0.0,0.0,405.0,0.0,0.0,0.0,0.0,0.0,0.0,0.0,0.0,0,0,0,0.0,0.0,0.0,0.0,0.0,0.0,0.0,0.0,0.0,0.0,0.0,0.0
CC(C=C(N(CCC#N)CCO)C=C1)=C1/N=N/C2=CC(C)=CC=C2,0.0,0,0.0,0.0,402.0,0.0,0.0,0.0,0.0,0.0,0.0,0.0,0.0,0,0,0,0.0,0.0,0.0,0.0,0.0,0.0,0.0,0.0,0.0,0.0,0.0,0.0
CC(C=C(N(CCC#N)CCO)C=C1)=C1/N=N/C2=CC=C(C)C=C2,0.0,0,0.0,0.0,402.0,0.0,0.0,0.0,0.0,0.0,0.0,0.0,0.0,0,0,0,0.0,0.0,0.0,0.0,0.0,0.0,0.0,0.0,0.0,0.0,0.0,0.0
CC(C=C(N(CCC#N)CCO)C=C1)=C1/N=N/C2=CC(C(O)C)=CC=C2,0.0,0,0.0,0.0,405.0,0.0,0.0,0.0,0.0,0.0,0.0,0.0,0.0,0,0,0,0.0,0.0,0.0,0.0,0.0,0.0,0.0,0.0,0.0,0.0,0.0,0.0
CC(C=C(N(CCC#N)CCO)C=C1)=C1/N=N/C2=CC=C(S(=O)(C)=O)C=C2,0.0,0,0.0,0.0,434.0,0.0,0.0,0.0,0.0,0.0,0.0,0.0,0.0,0,0,0,0.0,0.0,0.0,0.0,0.0,0.0,0.0,0.0,0.0,0.0,0.0,0.0
CC(C=C(N(CCC#N)CCO)C=C1)=C1/N=N/C2=CC=C(C(C)=O)C=C2,0.0,0,0.0,0.0,412.0,0.0,0.0,0.0,0.0,0.0,0.0,0.0,0.0,0,0,0,0.0,0.0,0.0,0.0,0.0,0.0,0.0,0.0,0.0,0.0,0.0,0.0
N#CCCNC(C=C1)=CC=C1/N=N/C2=CC=CC=C2,0.0,0,0.0,0.0,396.0,0.0,0.0,0.0,0.0,0.0,0.0,0.0,0.0,0,0,0,0.0,0.0,0.0,0.0,0.0,0.0,0.0,0.0,0.0,0.0,0.0,0.0
N#CCCNC(C=C1)=CC=C1/N=N/C2=CC=CC=C2[N+]([O-])=O,0.0,0,0.0,0.0,422.0,0.0,0.0,0.0,0.0,0.0,0.0,0.0,0.0,0,0,0,0.0,0.0,0.0,0.0,0.0,0.0,0.0,0.0,0.0,0.0,0.0,0.0
N#CCCNC(C=C1)=CC=C1/N=N/C2=CC=CC([N+]([O-])=O)=C2,0.0,0,0.0,0.0,418.0,0.0,0.0,0.0,0.0,0.0,0.0,0.0,0.0,0,0,0,0.0,0.0,0.0,0.0,0.0,0.0,0.0,0.0,0.0,0.0,0.0,0.0
ClC1=CC=CC=C1/N=N/C2=CC=C(NCCC#N)C=C2,0.0,0,0.0,0.0,408.0,0.0,0.0,0.0,0.0,0.0,0.0,0.0,0.0,0,0,0,0.0,0.0,0.0,0.0,0.0,0.0,0.0,0.0,0.0,0.0,0.0,0.0
ClC1=CC(/N=N/C2=CC=C(NCCC#N)C=C2)=CC=C1,0.0,0,0.0,0.0,408.0,0.0,0.0,0.0,0.0,0.0,0.0,0.0,0.0,0,0,0,0.0,0.0,0.0,0.0,0.0,0.0,0.0,0.0,0.0,0.0,0.0,0.0
ClC1=CC=C(/N=N/C2=CC=C(NCCC#N)C=C2)C=C1,0.0,0,0.0,0.0,404.0,0.0,0.0,0.0,0.0,0.0,0.0,0.0,0.0,0,0,0,0.0,0.0,0.0,0.0,0.0,0.0,0.0,0.0,0.0,0.0,0.0,0.0
FC1=CC=CC=C1/N=N/C2=CC=C(NCCC#N)C=C2,0.0,0,0.0,0.0,404.0,0.0,0.0,0.0,0.0,0.0,0.0,0.0,0.0,0,0,0,0.0,0.0,0.0,0.0,0.0,0.0,0.0,0.0,0.0,0.0,0.0,0.0
FC1=CC(/N=N/C2=CC=C(NCCC#N)C=C2)=CC=C1,0.0,0,0.0,0.0,406.0,0.0,0.0,0.0,0.0,0.0,0.0,0.0,0.0,0,0,0,0.0,0.0,0.0,0.0,0.0,0.0,0.0,0.0,0.0,0.0,0.0,0.0
FC1=CC=C(/N=N/C2=CC=C(NCCC#N)C=C2)C=C1,0.0,0,0.0,0.0,398.0,0.0,0.0,0.0,0.0,0.0,0.0,0.0,0.0,0,0,0,0.0,0.0,0.0,0.0,0.0,0.0,0.0,0.0,0.0,0.0,0.0,0.0
N#CCCNC(C=C1)=CC=C1/N=N/C2=CC=C(C(F)(F)F)C=C2,0.0,0,0.0,0.0,411.0,0.0,0.0,0.0,0.0,0.0,0.0,0.0,0.0,0,0,0,0.0,0.0,0.0,0.0,0.0,0.0,0.0,0.0,0.0,0.0,0.0,0.0
N#CCCNC(C=C1)=CC=C1/N=N/C2=CC=CC=C2C#N,0.0,0,0.0,0.0,429.0,0.0,0.0,0.0,0.0,0.0,0.0,0.0,0.0,0,0,0,0.0,0.0,0.0,0.0,0.0,0.0,0.0,0.0,0.0,0.0,0.0,0.0
N#CCCNC(C=C1)=CC=C1/N=N/C2=CC=C(C#N)C=C2,0.0,0,0.0,0.0,428.0,0.0,0.0,0.0,0.0,0.0,0.0,0.0,0.0,0,0,0,0.0,0.0,0.0,0.0,0.0,0.0,0.0,0.0,0.0,0.0,0.0,0.0
N#CCCNC(C=C1)=CC=C1/N=N/C2=CC=CC=C2OC,0.0,0,0.0,0.0,394.0,0.0,0.0,0.0,0.0,0.0,0.0,0.0,0.0,0,0,0,0.0,0.0,0.0,0.0,0.0,0.0,0.0,0.0,0.0,0.0,0.0,0.0
N#CCCNC(C=C1)=CC=C1/N=N/C2=CC=CC(OC)=C2,0.0,0,0.0,0.0,394.0,0.0,0.0,0.0,0.0,0.0,0.0,0.0,0.0,0,0,0,0.0,0.0,0.0,0.0,0.0,0.0,0.0,0.0,0.0,0.0,0.0,0.0
N#CCCNC(C=C1)=CC=C1/N=N/C2=CC=C(OC)C=C2,0.0,0,0.0,0.0,395.0,0.0,0.0,0.0,0.0,0.0,0.0,0.0,0.0,0,0,0,0.0,0.0,0.0,0.0,0.0,0.0,0.0,0.0,0.0,0.0,0.0,0.0
CC1=CC=CC=C1/N=N/C2=CC=C(NCCC#N)C=C2,0.0,0,0.0,0.0,400.0,0.0,0.0,0.0,0.0,0.0,0.0,0.0,0.0,0,0,0,0.0,0.0,0.0,0.0,0.0,0.0,0.0,0.0,0.0,0.0,0.0,0.0
CC1=CC(/N=N/C2=CC=C(NCCC#N)C=C2)=CC=C1,0.0,0,0.0,0.0,400.0,0.0,0.0,0.0,0.0,0.0,0.0,0.0,0.0,0,0,0,0.0,0.0,0.0,0.0,0.0,0.0,0.0,0.0,0.0,0.0,0.0,0.0
CC1=CC=C(/N=N/C2=CC=C(NCCC#N)C=C2)C=C1,0.0,0,0.0,0.0,395.0,0.0,0.0,0.0,0.0,0.0,0.0,0.0,0.0,0,0,0,0.0,0.0,0.0,0.0,0.0,0.0,0.0,0.0,0.0,0.0,0.0,0.0
OCCC1=CC=CC=C1/N=N/C2=CC=C(NCCC#N)C=C2,0.0,0,0.0,0.0,399.0,0.0,0.0,0.0,0.0,0.0,0.0,0.0,0.0,0,0,0,0.0,0.0,0.0,0.0,0.0,0.0,0.0,0.0,0.0,0.0,0.0,0.0
CC(O)C1=CC(/N=N/C2=CC=C(NCCC#N)C=C2)=CC=C1,0.0,0,0.0,0.0,396.0,0.0,0.0,0.0,0.0,0.0,0.0,0.0,0.0,0,0,0,0.0,0.0,0.0,0.0,0.0,0.0,0.0,0.0,0.0,0.0,0.0,0.0
OCCC1=CC=C(/N=N/C2=CC=C(NCCC#N)C=C2)C=C1,0.0,0,0.0,0.0,396.0,0.0,0.0,0.0,0.0,0.0,0.0,0.0,0.0,0,0,0,0.0,0.0,0.0,0.0,0.0,0.0,0.0,0.0,0.0,0.0,0.0,0.0
O=C(C)NC1=CC=C(/N=N/C2=CC=C(NCCC#N)C=C2)C=C1,0.0,0,0.0,0.0,403.0,0.0,0.0,0.0,0.0,0.0,0.0,0.0,0.0,0,0,0,0.0,0.0,0.0,0.0,0.0,0.0,0.0,0.0,0.0,0.0,0.0,0.0
[H]N(C)C(C=C1)=CC=C1/N=N/C2=CC=CC=C2,0.0,0,0.0,0.0,400.0,0.0,0.0,0.0,0.0,0.0,0.0,0.0,0.0,0,0,0,0.0,0.0,0.0,0.0,0.0,0.0,0.0,0.0,0.0,0.0,0.0,0.0
[H]N(CC)C(C=C3)=CC=C3/N=N/C4=CC=CC=C4,0.0,0,0.0,0.0,400.0,0.0,0.0,0.0,0.0,0.0,0.0,0.0,0.0,0,0,0,0.0,0.0,0.0,0.0,0.0,0.0,0.0,0.0,0.0,0.0,0.0,0.0
[H]N(CCO)C(C=C5)=CC=C5/N=N/C6=CC=CC=C6,0.0,0,0.0,0.0,398.0,0.0,0.0,0.0,0.0,0.0,0.0,0.0,0.0,0,0,0,0.0,0.0,0.0,0.0,0.0,0.0,0.0,0.0,0.0,0.0,0.0,0.0
[H]N(CCC#N)C(C=C7)=CC=C7/N=N/C8=CC=CC=C8,0.0,0,0.0,0.0,390.0,0.0,0.0,0.0,0.0,0.0,0.0,0.0,0.0,0,0,0,0.0,0.0,0.0,0.0,0.0,0.0,0.0,0.0,0.0,0.0,0.0,0.0
CC9=CC(NCCC#N)=CC=C9/N=N/C%10=CC=CC=C%10,0.0,0,0.0,0.0,396.0,0.0,0.0,0.0,0.0,0.0,0.0,0.0,0.0,0,0,0,0.0,0.0,0.0,0.0,0.0,0.0,0.0,0.0,0.0,0.0,0.0,0.0
OCCN(CCO)C(C=C%11)=CC=C%11/N=N/C%12=CC=CC=C%12,0.0,0,0.0,0.0,407.0,0.0,0.0,0.0,0.0,0.0,0.0,0.0,0.0,0,0,0,0.0,0.0,0.0,0.0,0.0,0.0,0.0,0.0,0.0,0.0,0.0,0.0
OCCN(CCC#N)C(C=C%13)=CC=C%13/N=N/C%14=CC=CC=C%14,0.0,0,0.0,0.0,397.0,0.0,0.0,0.0,0.0,0.0,0.0,0.0,0.0,0,0,0,0.0,0.0,0.0,0.0,0.0,0.0,0.0,0.0,0.0,0.0,0.0,0.0
CC%15=CC(N(CCO)CCC#N)=CC=C%15/N=N/C%16=CC=CC=C%16,0.0,0,0.0,0.0,403.0,0.0,0.0,0.0,0.0,0.0,0.0,0.0,0.0,0,0,0,0.0,0.0,0.0,0.0,0.0,0.0,0.0,0.0,0.0,0.0,0.0,0.0
CN(CCC#N)C(C=C%17)=CC=C%17/N=N/C%18=CC=CC=C%18,0.0,0,0.0,0.0,396.0,0.0,0.0,0.0,0.0,0.0,0.0,0.0,0.0,0,0,0,0.0,0.0,0.0,0.0,0.0,0.0,0.0,0.0,0.0,0.0,0.0,0.0
CCN(CCC#N)C(C=C%19)=CC=C%19/N=N/C%20=CC=CC=C%20,0.0,0,0.0,0.0,399.0,0.0,0.0,0.0,0.0,0.0,0.0,0.0,0.0,0,0,0,0.0,0.0,0.0,0.0,0.0,0.0,0.0,0.0,0.0,0.0,0.0,0.0
CCN(CCC#N)C(C=C%21C)=CC=C%21/N=N/C%22=CC=CC=C%22,0.0,0,0.0,0.0,404.0,0.0,0.0,0.0,0.0,0.0,0.0,0.0,0.0,0,0,0,0.0,0.0,0.0,0.0,0.0,0.0,0.0,0.0,0.0,0.0,0.0,0.0
N#CCCN(CCC#N)C(C=C%23)=CC=C%23/N=N/C%24=CC=CC=C%24,0.0,0,0.0,0.0,382.0,0.0,0.0,0.0,0.0,0.0,0.0,0.0,0.0,0,0,0,0.0,0.0,0.0,0.0,0.0,0.0,0.0,0.0,0.0,0.0,0.0,0.0
CC1=CC(N(CCC#N)CCC#N)=CC=C1/N=N/C2=CC=CC=C2,0.0,0,0.0,0.0,392.0,0.0,0.0,0.0,0.0,0.0,0.0,0.0,0.0,0,0,0,0.0,0.0,0.0,0.0,0.0,0.0,0.0,0.0,0.0,0.0,0.0,0.0
[H]N(C)C(C=C1)=CC=C1/N=N/C2=CC=C([N+]([O-])=O)C=C2,0.0,0,0.0,0.0,464.0,0.0,0.0,0.0,0.0,0.0,0.0,0.0,0.0,0,0,0,0.0,0.0,0.0,0.0,0.0,0.0,0.0,0.0,0.0,0.0,0.0,0.0
[H]N(CC)C(C=C3)=CC=C3/N=N/C4=CC=C([N+]([O-])=O)C=C4,0.0,0,0.0,0.0,468.0,0.0,0.0,0.0,0.0,0.0,0.0,0.0,0.0,0,0,0,0.0,0.0,0.0,0.0,0.0,0.0,0.0,0.0,0.0,0.0,0.0,0.0
[H]N(CCO)C(C=C5)=CC=C5/N=N/C6=CC=C([N+]([O-])=O)C=C6,0.0,0,0.0,0.0,463.0,0.0,0.0,0.0,0.0,0.0,0.0,0.0,0.0,0,0,0,0.0,0.0,0.0,0.0,0.0,0.0,0.0,0.0,0.0,0.0,0.0,0.0
[H]N(CCC#N)C(C=C7)=CC=C7/N=N/C8=CC=C([N+]([O-])=O)C=C8,0.0,0,0.0,0.0,443.0,0.0,0.0,0.0,0.0,0.0,0.0,0.0,0.0,0,0,0,0.0,0.0,0.0,0.0,0.0,0.0,0.0,0.0,0.0,0.0,0.0,0.0
CC9=CC(NCCC#N)=CC=C9/N=N/C%10=CC=C([N+]([O-])=O)C=C%10,0.0,0,0.0,0.0,451.0,0.0,0.0,0.0,0.0,0.0,0.0,0.0,0.0,0,0,0,0.0,0.0,0.0,0.0,0.0,0.0,0.0,0.0,0.0,0.0,0.0,0.0
OCCN(CCO)C(C=C%11)=CC=C%11/N=N/C%12=CC=C([N+]([O-])=O)C=C%12,0.0,0,0.0,0.0,475.0,0.0,0.0,0.0,0.0,0.0,0.0,0.0,0.0,0,0,0,0.0,0.0,0.0,0.0,0.0,0.0,0.0,0.0,0.0,0.0,0.0,0.0
OCCN(CCC#N)C(C=C%13)=CC=C%13/N=N/C%14=CC=C([N+]([O-])=O)C=C%14,0.0,0,0.0,0.0,451.0,0.0,0.0,0.0,0.0,0.0,0.0,0.0,0.0,0,0,0,0.0,0.0,0.0,0.0,0.0,0.0,0.0,0.0,0.0,0.0,0.0,0.0
CC%15=CC(N(CCO)CCC#N)=CC=C%15/N=N/C%16=CC=C([N+]([O-])=O)C=C%16,0.0,0,0.0,0.0,461.0,0.0,0.0,0.0,0.0,0.0,0.0,0.0,0.0,0,0,0,0.0,0.0,0.0,0.0,0.0,0.0,0.0,0.0,0.0,0.0,0.0,0.0
CN(CCC#N)C(C=C%17)=CC=C%17/N=N/C%18=CC=C([N+]([O-])=O)C=C%18,0.0,0,0.0,0.0,448.0,0.0,0.0,0.0,0.0,0.0,0.0,0.0,0.0,0,0,0,0.0,0.0,0.0,0.0,0.0,0.0,0.0,0.0,0.0,0.0,0.0,0.0
CCN(CCC#N)C(C=C%19)=CC=C%19/N=N/C%20=CC=C([N+]([O-])=O)C=C%20,0.0,0,0.0,0.0,452.0,0.0,0.0,0.0,0.0,0.0,0.0,0.0,0.0,0,0,0,0.0,0.0,0.0,0.0,0.0,0.0,0.0,0.0,0.0,0.0,0.0,0.0
CCN(CCC#N)C(C=C%21C)=CC=C%21/N=N/C%22=CC=C([N+]([O-])=O)C=C%22,0.0,0,0.0,0.0,463.0,0.0,0.0,0.0,0.0,0.0,0.0,0.0,0.0,0,0,0,0.0,0.0,0.0,0.0,0.0,0.0,0.0,0.0,0.0,0.0,0.0,0.0
N#CCCN(CCC#N)C(C=C%23)=CC=C%23/N=N/C%24=CC=C([N+]([O-])=O)C=C%24,0.0,0,0.0,0.0,432.0,0.0,0.0,0.0,0.0,0.0,0.0,0.0,0.0,0,0,0,0.0,0.0,0.0,0.0,0.0,0.0,0.0,0.0,0.0,0.0,0.0,0.0
CC1=CC(N(CCC#N)CCC#N)=CC=C1/N=N/C2=CC=C([N+]([O-])=O)C=C2,0.0,0,0.0,0.0,441.0,0.0,0.0,0.0,0.0,0.0,0.0,0.0,0.0,0,0,0,0.0,0.0,0.0,0.0,0.0,0.0,0.0,0.0,0.0,0.0,0.0,0.0
COC(S1)=CC=C1/N=N/C2=CC=CC=C2,0.0,0,0.0,0.0,394.0,0.0,0.0,0.0,345.0,0.0,400.0,0.0,0.0,0,0,0,0.0,0.0,0.0,0.0,0.0,0.0,0.0,0.0,0.0,0.0,0.0,0.0
COC(S1)=CC=C1/N=N/C2=CC=C(C#N)C=C2,0.0,0,0.0,0.0,413.0,0.0,0.0,0.0,350.0,0.0,414.0,0.0,0.0,0,0,0,0.0,0.0,0.0,0.0,0.0,0.0,0.0,0.0,0.0,0.0,0.0,0.0
CC(S1)=CC=C1/N=N/C2=CC=C(C#N)C=C2,0.0,0,0.0,0.0,387.0,0.0,0.0,0.0,328.0,0.0,400.0,0.0,0.0,0,0,0,0.0,0.0,0.0,0.0,0.0,0.0,0.0,0.0,0.0,0.0,0.0,0.0
CC(S1)=CC=C1/N=N/C2=CC=C(C(F)(F)F)C=C2,0.0,0,0.0,0.0,378.0,0.0,0.0,0.0,326.0,0.0,392.0,0.0,0.0,0,0,0,0.0,0.0,0.0,0.0,0.0,0.0,0.0,0.0,0.0,0.0,0.0,0.0
N#CC(S1)=CC=C1/N=N/C2=CC=CC=C2,0.0,0,0.0,0.0,367.0,0.0,0.0,0.0,301.0,0.0,465.0,0.0,0.0,0,0,0,0.0,0.0,0.0,0.0,0.0,0.0,0.0,0.0,0.0,0.0,0.0,0.0
COC1=CC=C(/N=N/C2=CC=CS2)C=C1,0.0,0,0.0,0.0,373.0,0.0,0.0,0.0,286.0,0.0,449.0,0.0,0.0,0,0,0,0.0,0.0,0.0,0.0,0.0,0.0,0.0,0.0,0.0,0.0,0.0,0.0
N#CC1=CC=C(/N=N/C2=CC=CS2)C=C1,0.0,0,0.0,0.0,370.0,0.0,0.0,0.0,290.0,0.0,0.0,0.0,0.0,0,0,0,0.0,0.0,0.0,0.0,0.0,0.0,0.0,0.0,0.0,0.0,0.0,0.0
FC(F)(F)C1=CC=C(/N=N/C2=CC=CS2)C=C1,0.0,0,0.0,0.0,362.0,0.0,0.0,0.0,285.0,0.0,433.0,0.0,0.0,0,0,0,0.0,0.0,0.0,0.0,0.0,0.0,0.0,0.0,0.0,0.0,0.0,0.0
COC1=CC(/N=N/C2=CC=CS2)=CC=C1,0.0,0,0.0,0.0,364.0,0.0,0.0,0.0,287.0,0.0,438.0,0.0,0.0,0,0,0,0.0,0.0,0.0,0.0,0.0,0.0,0.0,0.0,0.0,0.0,0.0,0.0
N#CC1=CC(/N=N/C2=CC=CS2)=CC=C1,0.0,0,0.0,0.0,362.0,0.0,0.0,0.0,288.0,0.0,429.0,0.0,0.0,0,0,0,0.0,0.0,0.0,0.0,0.0,0.0,0.0,0.0,0.0,0.0,0.0,0.0
Cc1[nH]c2c(c1N=Nc1nncs1)cccc2,0.0,0,0.0,0.0,428.0,0.0,0.0,0.0,0.0,0.0,0.0,0.0,0.0,0,0,0,0.0,0.0,0.0,0.0,0.0,0.0,0.0,0.0,0.0,0.0,0.0,0.0
Cn1c(C)c(c2c1cccc2)N=Nc1nncs1,0.0,0,0.0,0.0,434.0,0.0,0.0,0.0,0.0,0.0,0.0,0.0,0.0,0,0,0,0.0,0.0,0.0,0.0,0.0,0.0,0.0,0.0,0.0,0.0,0.0,0.0
c1ccc(cc1)c1[nH]c2c(c1N=Nc1nncs1)cccc2,0.0,0,0.0,0.0,437.0,0.0,0.0,0.0,0.0,0.0,0.0,0.0,0.0,0,0,0,0.0,0.0,0.0,0.0,0.0,0.0,0.0,0.0,0.0,0.0,0.0,0.0
Cn1c(c2ccccc2)c(c2c1cccc2)N=Nc1nncs1,0.0,0,0.0,0.0,431.0,0.0,0.0,0.0,0.0,0.0,0.0,0.0,0.0,0,0,0,0.0,0.0,0.0,0.0,0.0,0.0,0.0,0.0,0.0,0.0,0.0,0.0
CSc1nnc(s1)N=Nc1c(C)[nH]c2c1cccc2,0.0,0,0.0,0.0,445.0,0.0,0.0,0.0,0.0,0.0,0.0,0.0,0.0,0,0,0,0.0,0.0,0.0,0.0,0.0,0.0,0.0,0.0,0.0,0.0,0.0,0.0
CSc1nnc(s1)N=Nc1c2ccccc2n(c1C)C,0.0,0,0.0,0.0,451.0,0.0,0.0,0.0,0.0,0.0,0.0,0.0,0.0,0,0,0,0.0,0.0,0.0,0.0,0.0,0.0,0.0,0.0,0.0,0.0,0.0,0.0
CSc1nnc(s1)N=Nc1c([nH]c2c1cccc2)c1ccccc1,0.0,0,0.0,0.0,467.0,0.0,0.0,0.0,0.0,0.0,0.0,0.0,0.0,0,0,0,0.0,0.0,0.0,0.0,0.0,0.0,0.0,0.0,0.0,0.0,0.0,0.0
CSc1nnc(s1)N=Nc1c(c2ccccc2)n(c2c1cccc2)C,0.0,0,0.0,0.0,459.0,0.0,0.0,0.0,0.0,0.0,0.0,0.0,0.0,0,0,0,0.0,0.0,0.0,0.0,0.0,0.0,0.0,0.0,0.0,0.0,0.0,0.0
CC1=C(/N=N/C2=NN=C(CC)S2)C3=CC=CC=C3N1,0.0,0,0.0,0.0,420.0,0.0,0.0,0.0,0.0,0.0,0.0,0.0,0.0,0,0,0,0.0,0.0,0.0,0.0,0.0,0.0,0.0,0.0,0.0,0.0,0.0,0.0
CCc1nnc(s1)N=Nc1c2ccccc2n(c1C)C,0.0,0,0.0,0.0,432.0,0.0,0.0,0.0,0.0,0.0,0.0,0.0,0.0,0,0,0,0.0,0.0,0.0,0.0,0.0,0.0,0.0,0.0,0.0,0.0,0.0,0.0
CCc1nnc(s1)N=Nc1c([nH]c2c1cccc2)c1ccccc1,0.0,0,0.0,0.0,440.0,0.0,0.0,0.0,0.0,0.0,0.0,0.0,0.0,0,0,0,0.0,0.0,0.0,0.0,0.0,0.0,0.0,0.0,0.0,0.0,0.0,0.0
CCc1nnc(s1)N=Nc1c(c2ccccc2)n(c2c1cccc2)C,0.0,0,0.0,0.0,438.0,0.0,0.0,0.0,0.0,0.0,0.0,0.0,0.0,0,0,0,0.0,0.0,0.0,0.0,0.0,0.0,0.0,0.0,0.0,0.0,0.0,0.0
Cc1[nH]c2c(c1N=Nc1n[nH]c(n1)S)cccc2,0.0,0,0.0,0.0,392.0,0.0,0.0,0.0,0.0,0.0,0.0,0.0,0.0,0,0,0,0.0,0.0,0.0,0.0,0.0,0.0,0.0,0.0,0.0,0.0,0.0,0.0
Sc1[nH]nc(n1)N=Nc1c(C)n(c2c1cccc2)C,0.0,0,0.0,0.0,401.0,0.0,0.0,0.0,0.0,0.0,0.0,0.0,0.0,0,0,0,0.0,0.0,0.0,0.0,0.0,0.0,0.0,0.0,0.0,0.0,0.0,0.0
Sc1[nH]nc(n1)N=Nc1c([nH]c2c1cccc2)c1ccccc1,0.0,0,0.0,0.0,411.0,0.0,0.0,0.0,0.0,0.0,0.0,0.0,0.0,0,0,0,0.0,0.0,0.0,0.0,0.0,0.0,0.0,0.0,0.0,0.0,0.0,0.0
Sc1[nH]nc(n1)N=Nc1c(c2ccccc2)n(c2c1cccc2)C,0.0,0,0.0,0.0,408.0,0.0,0.0,0.0,0.0,0.0,0.0,0.0,0.0,0,0,0,0.0,0.0,0.0,0.0,0.0,0.0,0.0,0.0,0.0,0.0,0.0,0.0
Oc1c(/C=N/c2cc(C(O)=O)ccn2)cc(/N=N/c3ccc([N+]([O-])=O)cc3)cc1,0.0,0,0.0,0.0,378.0,0.0,0.0,0.0,0.0,0.0,0.0,0.0,0.0,0,0,0,0.0,0.0,0.0,0.0,0.0,0.0,0.0,0.0,0.0,0.0,0.0,0.0
Oc1c(/C=N/c2cc(C(OCC)=O)ccn2)cc(/N=N/c3ccc([N+]([O-])=O)cc3)cc1,0.0,0,0.0,0.0,379.0,0.0,0.0,0.0,0.0,0.0,0.0,0.0,0.0,0,0,0,0.0,0.0,0.0,0.0,0.0,0.0,0.0,0.0,0.0,0.0,0.0,0.0
Oc1c(/C=N/c2c(C(C)C)cc(S(=O)(O)=O)cc2C(C)C)cc(/N=N/c3ccc([N+]([O-])=O)cc3)cc1,0.0,0,0.0,0.0,267.0,0.0,0.0,0.0,0.0,0.0,0.0,0.0,0.0,0,0,0,0.0,0.0,0.0,0.0,0.0,0.0,0.0,0.0,0.0,0.0,0.0,0.0
CN1C2=CC=CC=C2N=C1/N=N/C3=NC4=CC=CC=C4N3C,0.0,0,0.0,0.0,439.0,0.0,0.0,0.0,0.0,0.0,0.0,0.0,0.0,0,0,0,0.0,0.0,0.0,0.0,0.0,0.0,0.0,0.0,0.0,0.0,0.0,0.0
C12=CC=CC=C1N=C(/N=N/C3=NC4=CC=CC=C4O3)O2,0.0,0,0.0,0.0,430.0,0.0,0.0,0.0,0.0,0.0,0.0,0.0,0.0,0,0,0,0.0,0.0,0.0,0.0,0.0,0.0,0.0,0.0,0.0,0.0,0.0,0.0
C12=CC=CC=C1N=C(/N=N/C3=NC4=CC=CC=C4S3)S2,0.0,0,0.0,0.0,421.0,0.0,0.0,0.0,0.0,0.0,0.0,0.0,0.0,0,0,0,0.0,0.0,0.0,0.0,0.0,0.0,0.0,0.0,0.0,0.0,0.0,0.0
[H]C1=CC=C(N=C(N=NC2=CC=CC=C2)S3)C3=C1,0.0,0,0.0,0.0,328.0,0.0,0.0,0.0,0.0,0.0,0.0,0.0,0.0,0,0,0,0.0,0.0,0.0,0.0,0.0,0.0,0.0,0.0,0.0,0.0,0.0,0.0
[H]C4=CC=C(N=C(N=NC5=CC=CC=C5Cl)S6)C6=C4,0.0,0,0.0,0.0,335.0,0.0,0.0,0.0,0.0,0.0,0.0,0.0,0.0,0,0,0,0.0,0.0,0.0,0.0,0.0,0.0,0.0,0.0,0.0,0.0,0.0,0.0
[H]C7=CC=C(N=C(N=NC8=CC=CC(CO)=C8)S9)C9=C7,0.0,0,0.0,0.0,328.0,0.0,0.0,0.0,0.0,0.0,0.0,0.0,0.0,0,0,0,0.0,0.0,0.0,0.0,0.0,0.0,0.0,0.0,0.0,0.0,0.0,0.0
[H]C%10=CC=C(N=C(N=NC%11=C(NC(C)=O)C=CC=C%11)S%12)C%12=C%10,0.0,0,0.0,0.0,331.0,0.0,0.0,0.0,0.0,0.0,0.0,0.0,0.0,0,0,0,0.0,0.0,0.0,0.0,0.0,0.0,0.0,0.0,0.0,0.0,0.0,0.0
[H]C%13=CC=C(N=C(N=NC%14=CC=C(NC(C)=O)C=C%14)S%15)C%15=C%13,0.0,0,0.0,0.0,371.0,0.0,0.0,0.0,0.0,0.0,0.0,0.0,0.0,0,0,0,0.0,0.0,0.0,0.0,0.0,0.0,0.0,0.0,0.0,0.0,0.0,0.0
[H]C%16=CC=C(N=C(N=NC%17=CC=CC=C%17OC)S%18)C%18=C%16,0.0,0,0.0,0.0,325.0,0.0,0.0,0.0,0.0,0.0,0.0,0.0,0.0,0,0,0,0.0,0.0,0.0,0.0,0.0,0.0,0.0,0.0,0.0,0.0,0.0,0.0
[H]C%19=CC=C(N=C(N=NC%20=CC=C(OC)C=C%20)S%21)C%21=C%19,0.0,0,0.0,0.0,361.0,0.0,0.0,0.0,0.0,0.0,0.0,0.0,0.0,0,0,0,0.0,0.0,0.0,0.0,0.0,0.0,0.0,0.0,0.0,0.0,0.0,0.0
[H]C%22=CC=C(N=C(N=NC%23=CC=CC=C%23SC)S%24)C%24=C%22,0.0,0,0.0,0.0,328.0,0.0,0.0,0.0,0.0,0.0,0.0,0.0,0.0,0,0,0,0.0,0.0,0.0,0.0,0.0,0.0,0.0,0.0,0.0,0.0,0.0,0.0
[H]C%25=CC=C(N=C(N=NC%26=CC=C(SC)C=C%26)S%27)C%27=C%25,0.0,0,0.0,0.0,392.0,0.0,0.0,0.0,0.0,0.0,0.0,0.0,0.0,0,0,0,0.0,0.0,0.0,0.0,0.0,0.0,0.0,0.0,0.0,0.0,0.0,0.0
O=[N+]([O-])C1=CC=C(N=C(N=NC2=CC=CC=C2)S3)C3=C1,0.0,0,0.0,0.0,340.0,0.0,0.0,0.0,0.0,0.0,0.0,0.0,0.0,0,0,0,0.0,0.0,0.0,0.0,0.0,0.0,0.0,0.0,0.0,0.0,0.0,0.0
O=[N+]([O-])C4=CC=C(N=C(N=NC5=CC=CC=C5C(O)=O)S6)C6=C4,0.0,0,0.0,0.0,335.0,0.0,0.0,0.0,0.0,0.0,0.0,0.0,0.0,0,0,0,0.0,0.0,0.0,0.0,0.0,0.0,0.0,0.0,0.0,0.0,0.0,0.0
ClC7=CC=CC=C7N=NC8=NC9=CC=C([N+]([O-])=O)C=C9S8,0.0,0,0.0,0.0,343.0,0.0,0.0,0.0,0.0,0.0,0.0,0.0,0.0,0,0,0,0.0,0.0,0.0,0.0,0.0,0.0,0.0,0.0,0.0,0.0,0.0,0.0
ClC%10=CC(N=NC%11=NC%12=CC=C([N+]([O-])=O)C=C%12S%11)=CC=C%10,0.0,0,0.0,0.0,334.0,0.0,0.0,0.0,0.0,0.0,0.0,0.0,0.0,0,0,0,0.0,0.0,0.0,0.0,0.0,0.0,0.0,0.0,0.0,0.0,0.0,0.0
ClC(C=C%13)=CC=C%13N=NC%14=NC%15=CC=C([N+]([O-])=O)C=C%15S%14,0.0,0,0.0,0.0,346.0,0.0,0.0,0.0,0.0,0.0,0.0,0.0,0.0,0,0,0,0.0,0.0,0.0,0.0,0.0,0.0,0.0,0.0,0.0,0.0,0.0,0.0
FC(C=C%16)=CC=C%16N=NC%17=NC%18=CC=C([N+]([O-])=O)C=C%18S%17,0.0,0,0.0,0.0,342.0,0.0,0.0,0.0,0.0,0.0,0.0,0.0,0.0,0,0,0,0.0,0.0,0.0,0.0,0.0,0.0,0.0,0.0,0.0,0.0,0.0,0.0
IC(C=C%19)=CC=C%19N=NC%20=NC%21=CC=C([N+]([O-])=O)C=C%21S%20,0.0,0,0.0,0.0,368.0,0.0,0.0,0.0,0.0,0.0,0.0,0.0,0.0,0,0,0,0.0,0.0,0.0,0.0,0.0,0.0,0.0,0.0,0.0,0.0,0.0,0.0
O=[N+]([O-])C%22=CC=C(N=C(N=NC%23=CC=C([N+]([O-])=O)C=C%23)S%24)C%24=C%22,0.0,0,0.0,0.0,332.0,0.0,0.0,0.0,0.0,0.0,0.0,0.0,0.0,0,0,0,0.0,0.0,0.0,0.0,0.0,0.0,0.0,0.0,0.0,0.0,0.0,0.0
OCC%25=CC(N=NC%26=NC%27=CC=C([N+]([O-])=O)C=C%27S%26)=CC=C%25,0.0,0,0.0,0.0,341.0,0.0,0.0,0.0,0.0,0.0,0.0,0.0,0.0,0,0,0,0.0,0.0,0.0,0.0,0.0,0.0,0.0,0.0,0.0,0.0,0.0,0.0
OCC%28=CC(N=NC%29=NC%30=CC=C([N+]([O-])=O)C=C%30S%29)=CC=C%28,0.0,0,0.0,0.0,346.0,0.0,0.0,0.0,0.0,0.0,0.0,0.0,0.0,0,0,0,0.0,0.0,0.0,0.0,0.0,0.0,0.0,0.0,0.0,0.0,0.0,0.0
O=C(C)NC(C=C%31)=CC=C%31N=NC%32=NC%33=CC=C([N+]([O-])=O)C=C%33S%32,0.0,0,0.0,0.0,406.0,0.0,0.0,0.0,0.0,0.0,0.0,0.0,0.0,0,0,0,0.0,0.0,0.0,0.0,0.0,0.0,0.0,0.0,0.0,0.0,0.0,0.0
COC1=CC=CC=C1N=NC2=NC3=CC=C([N+]([O-])=O)C=C3S2,0.0,0,0.0,0.0,337.0,0.0,0.0,0.0,0.0,0.0,0.0,0.0,0.0,0,0,0,0.0,0.0,0.0,0.0,0.0,0.0,0.0,0.0,0.0,0.0,0.0,0.0
COC(C=C4)=CC=C4N=NC5=NC6=CC=C([N+]([O-])=O)C=C6S5,0.0,0,0.0,0.0,399.0,0.0,0.0,0.0,0.0,0.0,0.0,0.0,0.0,0,0,0,0.0,0.0,0.0,0.0,0.0,0.0,0.0,0.0,0.0,0.0,0.0,0.0
CSC7=CC=CC=C7N=NC8=NC9=CC=C([N+]([O-])=O)C=C9S8,0.0,0,0.0,0.0,340.0,0.0,0.0,0.0,0.0,0.0,0.0,0.0,0.0,0,0,0,0.0,0.0,0.0,0.0,0.0,0.0,0.0,0.0,0.0,0.0,0.0,0.0
CSC(C=C%10)=CC=C%10N=NC%11=NC%12=CC=C([N+]([O-])=O)C=C%12S%11,0.0,0,0.0,0.0,421.0,0.0,0.0,0.0,0.0,0.0,0.0,0.0,0.0,0,0,0,0.0,0.0,0.0,0.0,0.0,0.0,0.0,0.0,0.0,0.0,0.0,0.0
OC1=C(N=CC=C2)C2=C(/N=N/C3=CC=CC=C3)C=C1,0.0,0,0.0,0.0,384.0,0.0,0.0,0.0,0.0,0.0,0.0,0.0,0.0,0,0,0,0.0,0.0,0.0,0.0,0.0,0.0,0.0,0.0,0.0,0.0,0.0,0.0
OC4=C(N=CC=C5)C5=C(/N=N/C6=CC=C(C)C=C6)C=C4,0.0,0,0.0,0.0,390.0,0.0,0.0,0.0,0.0,0.0,0.0,0.0,0.0,0,0,0,0.0,0.0,0.0,0.0,0.0,0.0,0.0,0.0,0.0,0.0,0.0,0.0
OC7=C(N=CC=C8)C8=C(/N=N/C9=CC=C(OC%10=CC=CC=C%10)C=C9)C=C7,0.0,0,0.0,0.0,395.0,0.0,0.0,0.0,0.0,0.0,0.0,0.0,0.0,0,0,0,0.0,0.0,0.0,0.0,0.0,0.0,0.0,0.0,0.0,0.0,0.0,0.0
OC%11=C(N=CC=C%12)C%12=C(/N=N/C%13=CC=C(NC(C)=O)C=C%13)C=C%11,0.0,0,0.0,0.0,390.0,0.0,0.0,0.0,0.0,0.0,0.0,0.0,0.0,0,0,0,0.0,0.0,0.0,0.0,0.0,0.0,0.0,0.0,0.0,0.0,0.0,0.0
OC%14=C(N=CC=C%15)C%15=C(/N=N/C%16=CC=C(OCC)C=C%16)C=C%14,0.0,0,0.0,0.0,388.0,0.0,0.0,0.0,0.0,0.0,0.0,0.0,0.0,0,0,0,0.0,0.0,0.0,0.0,0.0,0.0,0.0,0.0,0.0,0.0,0.0,0.0
OC%17=C(N=CC=C%18)C%18=C(/N=N/C%19=CC=C(Cl)C=C%19)C=C%17,0.0,0,0.0,0.0,395.0,0.0,0.0,0.0,0.0,0.0,0.0,0.0,0.0,0,0,0,0.0,0.0,0.0,0.0,0.0,0.0,0.0,0.0,0.0,0.0,0.0,0.0
OC%20=C(N=CC=C%21)C%21=C(/N=N/C%22=CC=C(C(O)=O)C=C%22)C=C%20,0.0,0,0.0,0.0,503.0,0.0,0.0,0.0,0.0,0.0,0.0,0.0,0.0,0,0,0,0.0,0.0,0.0,0.0,0.0,0.0,0.0,0.0,0.0,0.0,0.0,0.0
OC%23=C(N=CC=C%24)C%24=C(/N=N/C%25=CC=CC=C%25C(O)=O)C=C%23,0.0,0,0.0,0.0,398.0,0.0,0.0,0.0,0.0,0.0,0.0,0.0,0.0,0,0,0,0.0,0.0,0.0,0.0,0.0,0.0,0.0,0.0,0.0,0.0,0.0,0.0
OC%26=C(N=CC=C%27)C%27=C(/N=N/C%28=CC=C(C(C)=O)C=C%28)C=C%26,0.0,0,0.0,0.0,401.0,0.0,0.0,0.0,0.0,0.0,0.0,0.0,0.0,0,0,0,0.0,0.0,0.0,0.0,0.0,0.0,0.0,0.0,0.0,0.0,0.0,0.0
OC%29=C(N=CC=C%30)C%30=C(/N=N/C%31=CC=C(C#N)C=C%31)C=C%29,0.0,0,0.0,0.0,413.0,0.0,0.0,0.0,0.0,0.0,0.0,0.0,0.0,0,0,0,0.0,0.0,0.0,0.0,0.0,0.0,0.0,0.0,0.0,0.0,0.0,0.0
OC%32=C(N=CC=C%33)C%33=C(/N=N/C%34=CC=C([N+]([O-])=O)C=C%34)C=C%32,0.0,0,0.0,0.0,414.0,0.0,0.0,0.0,0.0,0.0,0.0,0.0,0.0,0,0,0,0.0,0.0,0.0,0.0,0.0,0.0,0.0,0.0,0.0,0.0,0.0,0.0
OC1=C2N=CC=CC2=C(/N=N/C3=NC=CS3)C=C1,0.0,0,0.0,0.0,428.0,0.0,0.0,0.0,0.0,0.0,0.0,0.0,0.0,0,0,0,0.0,0.0,0.0,0.0,0.0,0.0,0.0,0.0,0.0,0.0,0.0,0.0
OC4=C5N=CC=CC5=C(/N=N/C6=NC=C(C)S6)C=C4,0.0,0,0.0,0.0,436.0,0.0,0.0,0.0,0.0,0.0,0.0,0.0,0.0,0,0,0,0.0,0.0,0.0,0.0,0.0,0.0,0.0,0.0,0.0,0.0,0.0,0.0
OC7=C8N=CC=CC8=C(/N=N/C9=NC=C(S(=O)(C%10=CC=C([N+]([O-])=O)C=C%10)=O)S9)C=C7,0.0,0,0.0,0.0,491.0,0.0,0.0,0.0,0.0,0.0,0.0,0.0,0.0,0,0,0,0.0,0.0,0.0,0.0,0.0,0.0,0.0,0.0,0.0,0.0,0.0,0.0
OC%11=C%12N=CC=CC%12=C(/N=N/C%13=NC(CC(OCC)=O)=CS%13)C=C%11,0.0,0,0.0,0.0,438.0,0.0,0.0,0.0,0.0,0.0,0.0,0.0,0.0,0,0,0,0.0,0.0,0.0,0.0,0.0,0.0,0.0,0.0,0.0,0.0,0.0,0.0
OC%14=C%15N=CC=CC%15=C(/N=N/C%16=NC(C%17=CC=CC=C%17)=CS%16)C=C%14,0.0,0,0.0,0.0,516.0,0.0,0.0,0.0,0.0,0.0,0.0,0.0,0.0,0,0,0,0.0,0.0,0.0,0.0,0.0,0.0,0.0,0.0,0.0,0.0,0.0,0.0
OC%18=C%19N=CC=CC%19=C(/N=N/C%20=NC(C%21=CC=C(Cl)C=C%21)=CS%20)C=C%18,0.0,0,0.0,0.0,456.0,0.0,0.0,0.0,0.0,0.0,0.0,0.0,0.0,0,0,0,0.0,0.0,0.0,0.0,0.0,0.0,0.0,0.0,0.0,0.0,0.0,0.0
OC%22=C%23N=CC=CC%23=C(/N=N/C%24=NC(C%25=CC=C(Br)C=C%25)=CS%24)C=C%22,0.0,0,0.0,0.0,462.0,0.0,0.0,0.0,0.0,0.0,0.0,0.0,0.0,0,0,0,0.0,0.0,0.0,0.0,0.0,0.0,0.0,0.0,0.0,0.0,0.0,0.0
OC%26=C%27N=CC=CC%27=C(/N=N/C%28=NC%29=CC=CC=C%29S%28)C=C%26,0.0,0,0.0,0.0,442.0,0.0,0.0,0.0,0.0,0.0,0.0,0.0,0.0,0,0,0,0.0,0.0,0.0,0.0,0.0,0.0,0.0,0.0,0.0,0.0,0.0,0.0
OC%30=C%31N=CC=CC%31=C(/N=N/C%32=NC%33=CC=C(Cl)C=C%33S%32)C=C%30,0.0,0,0.0,0.0,450.0,0.0,0.0,0.0,0.0,0.0,0.0,0.0,0.0,0,0,0,0.0,0.0,0.0,0.0,0.0,0.0,0.0,0.0,0.0,0.0,0.0,0.0
OC%34=C%35N=CC=CC%35=C(/N=N/C%36=NC%37=CC=C(OC)C=C%37S%36)C=C%34,0.0,0,0.0,0.0,461.0,0.0,0.0,0.0,0.0,0.0,0.0,0.0,0.0,0,0,0,0.0,0.0,0.0,0.0,0.0,0.0,0.0,0.0,0.0,0.0,0.0,0.0
OC%38=C%39N=CC=CC%39=C(/N=N/C%40=NC%41=CC(C)=C(C)C=C%41S%40)C=C%38,0.0,0,0.0,0.0,456.0,0.0,0.0,0.0,0.0,0.0,0.0,0.0,0.0,0,0,0,0.0,0.0,0.0,0.0,0.0,0.0,0.0,0.0,0.0,0.0,0.0,0.0
OC%42=C%43N=CC=CC%43=C(/N=N/C%44=NC%45=CC=CC=C%45N%44)C=C%42,0.0,0,0.0,0.0,437.0,0.0,0.0,0.0,0.0,0.0,0.0,0.0,0.0,0,0,0,0.0,0.0,0.0,0.0,0.0,0.0,0.0,0.0,0.0,0.0,0.0,0.0
N#CC1C(SC(/N=N/C2=NC(C=CC([N+]([O-])=O)=C3)=C3S2)C1C4CCCCC4)N,0.0,0,0.0,0.0,545.0,0.0,0.0,0.0,0.0,0.0,0.0,0.0,0.0,0,0,0,0.0,0.0,0.0,0.0,0.0,0.0,0.0,0.0,0.0,0.0,0.0,0.0
N#Cc5c(c6ccc(Cl)cc6)c(/N=N/C7=NC(C=CC([N+]([O-])=O)=C8)=C8S7)sc5N,0.0,0,0.0,0.0,535.0,0.0,0.0,0.0,0.0,0.0,0.0,0.0,0.0,0,0,0,0.0,0.0,0.0,0.0,0.0,0.0,0.0,0.0,0.0,0.0,0.0,0.0
N#CC9C(SC(/N=N/C%10=NC(C=CC([N+]([O-])=O)=C%11)=C%11S%10)C9C%12CCC(OC)CC%12)N,0.0,0,0.0,0.0,550.0,0.0,0.0,0.0,0.0,0.0,0.0,0.0,0.0,0,0,0,0.0,0.0,0.0,0.0,0.0,0.0,0.0,0.0,0.0,0.0,0.0,0.0
